numero,mensagem_chat_sintetica,label_ia
1129283850,Código de verificação do WhatsApp: 592-104. Não compartilhe este código com ninguém.,0
0,"oi, sua conta de energia está em atraso. evite o corte pagando agora: bradesco-acesso.com/token",1
0,manda a grana logo ou sua filha nao aparece mais,1
1129283850,"Nubank: Compra de R$ 50,00 aprovada nas Lojas Americanas. Caso não reconheça, responda com a palavra CANCELAR imediatamente.",1
0,Santander: transferência de R$ 6.700 realizada para conta desconhecida. cancele: bit.ly/sant-canc,1
0,tenho sinal certeiro de aposta pra hoje. quer receber?,1
0,amor to presa no aeroporto o voo foi cancelado e não tenho dinheiro pro hotel. manda R$ 350 urgente?,1
0,AZUL SEGUROS: confira o laudo digital da sua ordem de serviço 123456-78 no app ou portal do cliente,0
0,"boa tarde, quanto custa a consulta particular para adulto?",0
1129283850,"Central de Fraudes: Detectamos a abertura de uma nova conta corrente vinculada ao seu CPF no Banco Pan. Para reportar o uso indevido dos seus dados, acesse: t.me/suporte",1
0,"Nubank: seu rendimento do mês foi de R$ 12,40. 100% do CDI",0
1129283850,Prefeitura SP: A campanha municipal de vacinação contra a gripe foi prorrogada até o dia 30 deste mês. Procure a UBS mais próxima da sua residência.,0
1129283850,A AWS mandou alerta de billing no CloudFormation do projeto. Pode checar se não deixamos nada rodando atoa?,0
0,"meu cartão foi bloqueado por viagem, precisei ligar pro banco",0
1129283850,Serasa: URGENTE! Mantenha seu nome limpo. Consulte grátis o seu CPF e negocie dívidas com até 90% de desconto pelo nosso portal oficial: serasa.com.br/limpanome,0
0,o relatório do mês fechou. vou enviar para o financeiro — precisamos revisar antes?,0
0,"oi, olha essas fotos que achei do seu perfil: itau-seguro.net/ok",1
0,"mãe, URGENTE: meu uniforme ainda tá na lavanderia, como vou trabalhar hoje?",0
0,detectamos login suspeito na sua conta. bloqueie agora,1
0,"Enel: sua fatura de R$ 187,40 vence dia 15. emita o boleto no app",0
0,"vó, precisa que alguém te leve ao médico agora? tô aqui pertinho e consigo ir rápido",0
1129283850,Governo Federal: Restrição de CPF ativa no portal do e-CAC. Impede emissão de passaporte e movimentação bancária. Pague a guia do DARF pendente gerada neste link: serasa-acordo.mobi,1
1129283850,"Cara, acabei de remover aquelas 50 linhas de configuração do Gradle para simplificar o build. Testa no seu S20 FE urgente para ver se roda limpo.",0
0,Governo Federal informa: prazo para declaração do IR encerra dia 31. Acesse receita.gov.br,0
0,oi! promoção exclusiva de celular por R$ 599. só hoje via pix: pgfn-quitacao.info/guia,1
0,"boa tarde, é da oficina? Meu carro parou no meio da estrada, preciso de socorro urgente",0
0,"seu salário de R$ 3.200,00 foi creditado na conta. bom mês!",0
1129283850,"Olá, sou da equipe de recrutamento do Mercado Livre. O seu currículo foi aprovado para uma vaga de meio período. Contate a nossa gestora de RH no Telegram: caixa-libera.info",1
0,"irmão, a taxa do DETRAN para transferência do carro é R$ 129,80",0
0,parabéns! você foi sorteado em nossa campanha. entre em contato,1
0,"amor, já saí do trabalho. chego em uns 40 minutos. quer que eu passe em algum lugar?",0
0,"pessoal, a ata da reunião foi postada aqui: bit.ly/ata-reuniao — por favor confirme presença",0
0,"oi, posso te fazer uma proposta de negócio muito lucrativa?",1
0,"oi, você ainda tá trabalhando no mesmo lugar?",0
1129283850,YouTube Creators: Você foi selecionado para receber o bônus de engajamento do mês (US$ 300). Clique aqui e conecte a sua carteira digital para aprovar a transferência: bb-renegociar.com,1
0,"Boa tarde, é do guincho? Estou parado no km 47 da Anhanguera com pane seca, preciso de socorro urgente",0
0,"oi, é da pensão? quero reservar um quarto. preciso depositar algum sinal para garantir a vaga?",0
1129283850,"As notas de cálculo finalmente saíram no portal. Fiquei por meio ponto na média, vou ter que ir na revisão de prova falar com o professor.",0
0,voce so tem uma chance de resolver isso. paga e esquece,1
0,"oi, você investe? tenho algo que tá me dando retorno incrível",1
0,parabéns! você foi escolhido para receber um benefício especial,1
0,"pai, sou eu. tô sem bateria e num celular emprestado. bati o carro e preciso de R$ 500 agora",1
1129283850,A PORTO SEGURO tem uma OFERTA de Plano de Saude com custo reduzido pra voce. Para receber os valores responda gratuitamente com a palavra OK,1
0,"pai, você pode me dar uma carona no aeroporto sexta cedo?",0
0,você foi aprovado para vaga de analista de dados júnior. R$ 3.500 mensais. início imediato,1
0,oi! aqui é do banco. para evitar o bloqueio da conta confirme seu token: cutt.ly/token-banco,1
0,seu cartão foi clonado em uma loja online. para bloquear e solicitar novo cartão confirme seu CPF aqui,1
1129283850,VIVO INFORMA: A senha temporária para acessar o seu portal Meu Vivo é: 37482. Válida por 15 minutos.,0
0,é da pousada? posso depositar o sinal via pix ou só transferência?,0
0,"nossa, que multa salgada essa! R$ 293 por excesso de velocidade de 20 km/h",0
1129283850,Pontos expirando! Troque por Pix: https://livelo-resgates.com,1
1129283850,"Vai chover muito forte hoje à tarde, não esquece de levar o guarda-chuva quando sair do trabalho.",0
1129283850,Aquela planilha de vendas que a gente montou tá dando erro na fórmula de formatação de datas de novo. Vou dar uma olhada nisso mais tarde.,0
0,a situação pode ser resolvida de forma simples se você quiser,1
0,preciso do token que chegou no seu celular agora,1
1129283850,"O seu limite de crédito pré-aprovado de R$ 10.000,00 já está disponível. Consulte o contrato no link enviado para o seu e-mail corporativo.",0
0,bom dia! aqui é da escola. o seu filho passou mal e está na enfermaria. pode vir buscá-lo?,0
0,você ganhou R$ 500 na plataforma! código de saque: 4821. resgate agora,1
0,"oi, tô viajando e fui assaltado. consegue me emprestar R$ 500 pra comprar passagem de volta?",1
0,boa tarde. aqui é da assessoria jurídica. seu nome está vinculado a um processo. para cancelar a ação antes de amanhã você precisa pagar as custas no valor de R$ 350 via pix agora,1
0,"cara, tô precisando de uma grana emprestada, você me ajuda?",1
1129283850,Cartório de Protestos AVISA: O título n. 89201 vinculado ao seu CPF será protestado HOJE às 17h. Evite restrições no Serasa pagando a guia de custas com desconto: correios-taxa.mobi,1
0,pode mandar,0
0,você viu aquela cena do filme que a filha quase vira chumbo? que susto,0
0,alguém printou todos seus stories. veja quem foi aqui,1
0,prazo final para atualização de dados: hoje. não ignore,1
0,"ei, tô num sufoco sério. minha conta foi bloqueada e preciso de R$ 600 urgente. você me salva?",1
0,"a consulta de emergência foi encaixada para hoje às 17h30. não se atrase, a agenda está cheia",0
1129283850,"Seu limite de cheque especial foi reduzido. Para restaurar os valores originais, valide seu iToken de segurança no portal.",1
0,"é do seguro saúde? meu filho precisou de internação emergencial, precisamos de cobertura",0
0,"pessoal, confirmem presença na reunião de amanhã por favor",0
0,sua conta foi hackeada e temos seus dados. pague R$ 1.000 para não publicarmos nada,1
0,"mano, o rombo no INSS foi colossal. duvido que algum aposentado vai ver esse dinheiro de volta",0
1129283850,"Oi vó, é o seu neto. Troquei de celular, salva esse número novo. Preciso de um dinheiro para pagar uma conta urgente.",1
0,oi sumida! saudades de você. quando a gente se encontra?,0
1129283850,"ALERTA DE SEGURANÇA: Identificamos movimentação atípica. Por segurança, seu cartão Nubank foi temporariamente bloqueado. Verifique no seu app nubank.com.br/acesso",0
0,"mano, a liberação da transferência bancária pode levar 2 dias",0
1129283850,URGENTE: Aceda ao nosso app para desbloquear a sua conta. Link: gov-br-atualiza.net,1
0,"cara, já tá pronto aqui. pode vir buscar",0
0,olá! sua candidatura foi aprovada para vaga de avaliador online. ganhe R$ 350 por dia,1
0,oi! você foi aprovado para o programa Bolsa Família adicional. para receber o benefício de R$ 600 confirme seu cadastro: cutt.ly/bolsa-plus,1
0,"mano, preciso de R$ 300 hoje, você tem disponível?",1
0,Ministério Público: seu nome foi citado em inquérito de estelionato. Acesse o depoimento: correios-taxa.net/liberar,1
0,"boa tarde, é da assistência técnica? minha televisão não liga mais",0
0,Shopee: boa notícia! seu pedido foi enviado hoje pelo vendedor,0
1129283850,Ministério da Fazenda: Seu CPF/CNPJ consta na Dívida Ativa da União. O bloqueio judicial de contas (BacenJud) ocorrerá em 24h. Regularize o DARF em: serasa-acordo.mobi,1
0,ultima chance. colabora agora ou as consequencias sao suas,1
1129283850,Amazon: O pacote contendo 'Livro - Arquitetura de Software' saiu para entrega com o nosso motorista parceiro. Prepare-se para recebê-lo hoje.,0
1129283850,Vivo: Aceda à nossa aplicação para ver o seu consumo de dados. Link: https://vivo.com.br/app,0
1129283850,URGENTE: O certificado digital do seu MEI foi revogado. A emissão de notas fiscais está bloqueada. Renove sua certificação pagando a taxa do cartório pelo portal: detran-multa.info,1
0,você foi contemplado em nosso sorteio especial de aniversário,1
1129283850,"Cara, o script no Sonic Pi ficou gigante, mas consegui acertar o tempo da bateria. Depois te mostro como ficou a música.",0
0,"mano, te devo R$ 50 reais da semana passada. posso pagar amanha?",0
0,"Sabesp: conta de água de R$ 89,30 disponível para pagamento",0
0,aviso urgente: seu CPF foi usado para abertura de conta em outro banco. para cancelar confirme seus dados,1
0,"olá, você toparia fazer uma renda de R$ 200 por dia sem sair de casa?",1
0,"oi, aqui é do suporte. sua conta foi bloqueada por suspeita. confirme seus dados: receita-irpf.info/malha",1
0,"amor, já marquei a consulta do cachorro para sexta",0
0,Detran SP: consulte sua CNH em https://www.detran.sp.gov.br,0
0,passa logo 3 mil que se nao sua esposa nao chega em casa,1
0,"cara, fiz seguro viagem pela primeira vez. bem barato",0
0,"mãe, acesse o portal do governo pra pegar a certidão digital",0
0,"oi, você ainda tá no mesmo endereço?",0
0,Rappi: seu pedido saiu do restaurante. deve chegar em breve,0
1129283850,Notificação de Protesto: O Título nº 8492 vinculado ao seu CPF foi encaminhado para o cartório. Regularize a guia de custas cartorárias para evitar o protesto: caixa-libera.info,1
0,você foi banido por spam. pague taxa para reverter a decisão,1
1129283850,"SANTANDER INFORMA: Transação Pix de R$ 35,00 para João da Silva realizada com sucesso. Para acessar seu comprovante e o extrato completo, acesse o App Santander.",0
1129283850,"Amor, sofri um acidente e o guincho tá cobrando 300 reais para liberar o carro. Transfere para a chave celular: 11912345678",1
1129283850,"Prezado(a), a sua assinatura Prime encontra-se suspensa devido a uma falha no processamento do cartão. Efetue a regularização acessando o painel de pagamentos.",1
1129283850,"Oie! Menina, você viu o que postaram de você no Twitter? Olha a confusão que tá rolando na thread, entra lá e vê logo antes que apaguem tudo.",1
0,fui no Detran hoje de manhã. demorou mas consegui transferir o veículo sem problema,0
0,"pessoal, as aulas ficaram suspensas essa semana por conta do feriado",0
0,Receita Federal: sua empresa está em malha fina. para regularizar acesse receita-irpf.info/empresa,1
1129283850,O token iFood Benefícios para a transação é 5928. Válido por 5 minutos.,0
0,me manda 3000 hoje ou sua filha some desse mapa,1
0,plataforma de flash trade com retorno de R$ 500 em 5 minutos. deposite R$ 100 para tentar,1
0,"aquele número que chegou no celular, me manda por favor",1
0,temos um pacote seu aqui mas precisa de uma taxa pra liberar,1
0,"tia, preciso muito de ajuda hoje, você pode me ajudar?",1
0,INSS: para liberar o saque do valor retido confirme seus dados cadastrais agora,1
0,oi! desculpa o incômodo. fui hackeado e perdi acesso à minha conta. preciso muito de R$ 200 emprestado,1
0,"boa tarde, é da veterinária? meu cachorro engoliu uma rolha, o que faço?",0
0,"cara, que surpresa te ver aqui hoje",0
0,oi! você tem R$ 1.200 a receber do governo. confirme seus dados aqui: bit.ly/gov-receber,1
0,C6 Bank: novo dispositivo realizando transferências. cancele em c6bank-seguro.com/token,1
0,Duolingo: você não praticou inglês hoje! não quebre sua sequência,0
1129283850,"Recebemos o seu depósito de R$ 50.000,00 referente ao sinal do imóvel. O recibo assinado digitalmente pela imobiliária encontra-se no link em anexo.",0
0,"pai, o conserto ficou R$ 300. poderia ser pior",0
1129283850,"Oi mãe, esqueci a senha do meu aplicativo do banco e o PagSeguro travou! Você consegue me adiantar R$ 1.500 pra eu pagar um fornecedor aqui? Te devolvo amanhã.",1
0,há uma pendência judicial no seu nome que precisa de atenção,1
0,"parabéns, você foi contemplado em nosso sorteio mensal",1
0,"boa tarde, é da Sabesp? falta água no meu bairro desde de manhã",0
0,amiga fui ao mercado e meu cartão recusou. me faz um pix de R$ 60 que te devolvo amanhã no trabalho?,1
0,"mano, você regularizou sua situação no Detran? tem desconto",0
0,"pessoal, liberou a nova versão da SDK. atualizem antes de fazer push pra evitar conflitos",0
0,"Oi: sua recarga de R$ 30,00 foi processada. bônus de 500MB adicionado",0
0,"pessoal, a liberação dos dados do sistema ocorre amanhã cedo",0
0,Detran SP: sua CNH está suspensa por acúmulo de pontos. recorra em detran-regulariza.net/cnh,1
0,Claro: tudo certo com seu plano. aproveite os benefícios do mês,0
0,sabemos sua rotina. melhor voce cooperar antes que a situacao piore,1
0,"mãe, meu benefício ficou suspenso porque não fiz a prova de vida",0
1129283850,"Comunicado RH: A campanha anual de vacinação contra a gripe será realizada na próxima semana, no auditório principal, das 09:00 às 17:00. A vacina é gratuita e extensiva a dependentes legais devidamente cadastrados no plano de saúde da empresa. Para organizar as doses, confirme a sua presença respondendo a este e-mail até amanhã.",0
0,oi! detectamos acesso indevido na sua conta. proteja seus dados: tiny.cc/protege-conta,1
0,"vó, urgente! a senhora deixou a torneira aberta, alguém pode ir fechar?",0
0,Governo Federal: tarifa social de energia disponível. inscreva-se em gov-beneficio.net/energia,1
0,"oi, temos uma surpresa pra você, pode me chamar no privado?",1
0,tô em casa,0
0,"oi, você conhece investimento que rende 10% ao mês? te explico como",1
0,é da autoescola? quando começa a próxima turma de habilitação?,0
1129283850,"A encomenda chegou! O porteiro acabou de interfonar avisando que deixou a caixa lá na portaria. Quando eu descer, eu pego.",0
1129283850,"O relatório de fechamento do mês já tá pronto e revisado. Salvei na mesma pasta compartilhada de sempre, tá tudo certo por lá.",0
0,"oi, aqui é do suporte Nubank. seu cartão foi clonado em São Paulo. bloqueamos preventivamente. para desbloquear confirme seus dados: detran-regulariza.net/cnh",1
0,"oi, sua chave pix foi cadastrada em outro dispositivo. cancele em: gov-beneficio.net/cpf",1
1129283850,Notificação Nubank: O aplicativo do seu banco expirou. É necessário reinstalar a camada de segurança para evitar o bloqueio preventivo da conta corrente. Sincronize: is.gd/banco,1
0,"seu documento foi usado em algo suspeito, precisamos verificar",1
0,iFood: boa notícia! seu pedido tá chegando mais rápido que o previsto,0
1129283850,"Você ganhou R$ 502,00 no sorteio semanal da campanha de indicação! Para resgatar o prêmio, cadastre sua chave Pix na plataforma de prêmios promocionais: gov-br-atualiza.net",1
0,é da clínica veterinária. o seu pet saiu da cirurgia bem. pode ligar pra saber quando retirar,0
0,não force nossa mão. coopera agora que é melhor pra você,1
0,lembrete: entrega do relatório mensal é amanhã até as 18h. quem ainda não enviou por favor priorizar,0
0,somos da equipe do Detran. para cancelar a suspensão da sua CNH confirme seus dados agora,1
0,você foi aprovado para uma vaga de trabalho remoto. entre em contato conosco,1
1129283850,"Nubank URGENTE: Fatura com pagamento em atraso. Para evitar a perda do seu limite, pague via chave Pix pelo nosso portal: inss-seguro.com",1
1129283850,"Transferência TED no valor de R$ 3.000,00 recebida de João Silva. Verifique o seu extrato completo no link seguro do seu home banking.",0
1129283850,Netflix: Não conseguimos processar o pagamento da sua assinatura na última tentativa. Atualize seus dados bancários no link a seguir para retomar o serviço.,1
1129283850,"C6 Bank: O seu token de transações está desatualizado. Por motivos de segurança, suas transferências via Pix foram bloqueadas. Atualize o aplicativo através do link seguro: bradesco-fraude.com",1
0,pode ser às 15h?,0
0,oi! você foi indicado para receber cashback de R$ 80. confirme seus dados: santander-cliente.net/blq,1
0,"amor, não esquece de depositar o dinheiro na conta da babá hoje",0
0,seu cadastro foi selecionado para um benefício especial hoje,1
0,não ignore essa mensagem ou as consequências serão suas,1
0,"a parcela 3/12 do seu financiamento de R$ 780,00 vence em 5 dias. evite juros",0
0,"você não quer que sua família saiba, coopera logo",1
0,"nossa pai, tomei uma multa muito besta, vou ter que ir no poupatempo fazer o pagamento",0
0,"amor, você usa alguma plataforma de streaming de música?",0
1129283850,"Mãe, meu celular quebrou! Salva meu numero provisorio urgente.",1
0,Detran SP: sua renovação de CNH foi aprovada. Retire o documento em qualquer posto.,0
1129283850,"PGFN: Consta um mandado de penhora de bens associado ao seu CPF devido a dívidas ativas. Para emitir a guia de pagamento com desconto e evitar o bloqueio judicial, acesse: bb-renegociar.com",1
0,Nubank: compra de R$ 890 bloqueada por suspeita. confirme em nubank-contestar.com/pix,1
1129283850,"Prezado candidato, o seu currículo foi selecionado para a vaga de Home Office da Amazon Brasil (Salário de R$ 3.400). Para continuar com a seleção, pague a taxa do treinamento em: bb-renegociar.com",1
0,"mãe, me manda R$ 150 no pix agora por favor",1
0,o cluster do DynamoDB atingiu 90% da capacidade. precisamos fazer upgrade do plano urgente,0
0,AMAZON BRASIL: seu pedido iPhone 14 Pro Max R$ 6.299 confirmado. Não realizou? Cancele: bb-renegociar.net/boleto,1
1129283850,"Ifood: Bateu a fome? Tem um cupom de 15 reais te esperando no app para pedir aquele lanche agora. Aproveite, expira hoje!",0
1129283850,Amazon: O rastreio da sua fatura e pedido está disponível no link: https://amazon.com.br/sua-conta. A sua chave de segurança foi ativada.,0
0,"seu nome está vinculado a uma investigação, entre em contato",1
0,o laboratório de redes estará fechado hoje para manutenção. as aulas serão na sala 204,0
0,"irmão, me faz esse favor por favor — paga essa conta de R$ 450 pra mim, to sem acesso ao banco",1
0,"mano, o Airflow está com task em estado zombie. precisa reiniciar o worker",0
1129283850,"Central de Fraudes Caixa: Compra de R$ 1.899,99 na Casas Bahia pendente de aprovação. Para cancelar esta operação, responda a este SMS com a sua senha de 4 dígitos.",1
0,você viu no jornal? estão devolvendo de R$ 500 a R$ 1.000 para aposentados lesados pelo INSS,0
0,parabéns! você ganhou na nossa promoção relâmpago de hoje,1
0,"sei que é estranho pedir, mas tô passando por situação financeira delicada. você poderia me ajudar?",1
0,"filha, para ganhar experiência na área você pode fazer estágio",0
1129283850,"Amor, to sem bateria e o celular do meu amigo não entra no meu banco. Faz um Pix pra conta dessa moça aqui que eu bati no carro dela? R$ 400 só, quando eu chegar em casa te devolvo!",1
1129283850,"Seu código de acesso para a conta Microsoft é: 492019. Se não solicitou, ignore esta mensagem.",0
1129283850,"Sabesp: A fatura da sua residência no valor de R$ 89,50 encontra-se disponível. O vencimento é no dia 10. Acesse o portal para a segunda via.",0
0,"seu acesso foi feito de outro lugar, precisamos verificar com você",1
0,"amor, vou chegar um pouco antes hoje, pode acender o forno?",0
1129283850,"O seu cadastro foi selecionado para uma vaga de emprego remota com ganhos diários de R$ 450,00. Pode começar hoje mesmo, fale com a nossa gestora no Telegram: inss-seguro.com",1
0,"cara, tô precisando de uma grana urgente, você me ajuda?",1
0,"cara, atualizei as partition keys do DynamoDB conforme discutimos. as queries melhoraram muito",0
0,"mãe, a conta de luz veio R$ 340,00 esse mes. absurdo",0
0,boa tarde! aqui é do suporte técnico. seu dispositivo foi comprometido e estamos monitorando. para proteger seus dados precisamos que você instale nosso aplicativo de segurança agora,1
0,"cara, já devolvi o livro que você me emprestou",0
0,"seu acesso foi comprometido, troque sua senha agora mesmo",1
1129283850,Você foi selecionado para ganhar R$ 500 por dia no Mercado Livre! Chame nossa gerente no link: wa.me/551188888888,1
1129283850,"Professora, estou com uma dúvida sobre o material de JUnit e CI/CD no Gitlab que vai sair na P2 de TTI302. Procurei no banco de questões do Canvas (imt.instructure.com) mas não encontrei exemplos específicos de testes unitários para componentes em React. Pode orientar-me em relação a esta parte da matéria?",0
0,"boa tarde, tudo certo?",0
0,"mãe, a liberação do medicamento controlado precisa de receita",0
0,seu código de acesso ao cassino VIP: 7732. deposite R$ 300 para ativar a conta premium,1
0,lembrando que seu exame de sangue é amanhã em jejum de 12 horas. não esqueça o pedido médico,0
1129283850,Terminei de configurar os testes unitários com JUnit. O pipeline no GitLab CI passou de primeira agora.,0
1129283850,"Fatura de R$ 45,90 em atraso. Pague: https://vivo-pgto.net",1
0,Americanas: pedido cancelado conforme solicitado. reembolso em 5 dias,0
0,"pai, aqui é o seu filho. tô sem meu celular e precisando de ajuda urgente",1
0,caso você não envie R$ 200 agora ela vai morrer. você tem 1 hora,1
1129283850,"Banco Inter: Conta bloqueada preventivamente após três tentativas incorretas de senha. Para reativar seu acesso e evitar cancelamento de limites, acesse: caixa-libera.info",1
0,"boa tarde, é do eletricista? preciso de ajuda urgente, caiu a luz",0
0,"amor, você lembrou de pagar a conta do condomínio?",0
1129283850,"Sistema de Fiscalização Aduaneira: O seu pacote foi barrado por pendências fiscais. Emita a guia DARF no valor de R$ 27,90 para liberar a importação. Acesse: detran-multa.info",1
0,"mãe, você precisa regularize seus dados no CAD Único antes do mês acabar para não perder o benefício",0
1129283850,Assessoria Maria Cristina: Entramos em contato para formalizar uma proposta de negociação do seu contrato com o Banco Pan. Descontos de até 80% válidos para o pagamento à vista.,0
0,"amiga, você me salva hoje? preciso muito de ajuda",1
0,"cara, a situação tá feia se não resolvermos isso até amanhã",0
0,"cara, você viu aquele caso de sequestro relâmpago que passou no jornal? pediram R$ 2.000 de resgate",0
1129283850,"Bom dia, professor. Segue em anexo a revisão do primeiro capítulo do TCC e a metodologia para a sua avaliação.",0
0,"oi, você quer participar do nosso grupo de sinais lucrativos?",1
0,"professor, quando saem as notas da P2? já faz duas semanas",0
1129283850,Sua fatura Nubank fechou. O código de barras e a chave Pix para pagamento estão disponíveis no seu App Nubank ou no portal: https://nu.com.br/pagar,0
0,Boa tarde! a cirurgia está confirmada para segunda-feira às 7h30. jejum de 8 horas antes,0
1129283850,"Compra aprovada 2500,00. Cancele: nubank-contestar.com/pix",1
1129283850,"VIVO URGENTE: O seu pacote de dados mensal já foi consumido 100%. Para não ficar desconectado, envie MAIS para adquirir 2GB extras por R$ 9,90.",0
0,"Correios URGENTE: sua encomenda está retida. Pague a taxa alfandegária de R$ 27,90: bb-renegociar.net/boleto",1
0,"mano, a taxa de aprovação no concurso foi de apenas 3%. difícil",0
0,você sabe o que pode acontecer se não nos atender logo,1
0,"Banco do Brasil: DDA - novo boleto recebido de R$ 450,00 vence dia 20",0
0,Receita Federal URGENTE: malha fina do IRPF detectou omissão de rendimentos. Retifique: inss-saque.net/beneficio,1
0,oi! aqui é da clínica veterinária. retornando sobre o exame do seu pet. o Dr. quer conversar com você,0
0,Hapvida: sua solicitação de cirurgia foi aprovada pelo plano,0
0,oi! você foi aprovado para empréstimo de R$ 10.000. saque agora: bb-renegociar.net/boleto,1
0,"cara, esqueci minha carteira, você me empresta R$ 50?",1
0,"irmã, URGENTE — você pode sair mais cedo do trabalho hoje? aconteceu uma coisa aqui em casa",0
0,RH informa: colaboradores com faltas não justificadas receberão multa contratual de 10%.,0
0,"pai, contratei um serviço e o cartão recusou. consegue pagar e eu te devolvo hoje?",1
1129283850,"Mãe, manda 50 reais no celular novo: 11912345678",1
0,olá! vi seu perfil no LinkedIn. temos vagas remotas para meio período. R$ 450 diários. Interesse?,1
0,"pessoal, acesse o canal do YouTube que coloquei a gravação",0
0,oi! fiz aquela receita que você me mandou e ficou deliciosa. obrigada!,0
0,você foi convidado para fundo de investimentos exclusivo com renda de R$ 2.000 mensais,1
0,"falo com o guincho? preciso que você venha rápido, estou num lugar isolado e não consigo ligar meu carro",0
1129283850,"Netflix, Disney+, Amazon Prime e mais! Uma só assinatura com economia. Assine a Claro app store e aproveite!",0
0,"pessoal, alerta: estão usando o nome da Caixa pra aplicar fraude do FGTS. só acesse pelo app",0
1129283850,Banco Central: Valores a receber do sistema SRV disponíveis para seu CPF. Formalize o resgate imediato confirmando a sua chave Pix na plataforma: detran-multa.info,1
0,"mano, para tudo — você sabe cadê o contrato que tava em cima da mesa? o cliente tá aqui esperando",0
1153301256,Notificação de Segurança: Detectamos a utilização indevida da sua imagem em um perfil de terceiros. Verifique os detalhes do vazamento no anexo: caixa-libera.info,1
0,"mano, que calor absurdo tá fazendo hoje",0
1129283850,O seu token para entrega no iFood é 4910. Válido por 5 minutos.,0
0,"Oi, sobre a transação pix que comentamos mais tarde. podemos dar andamento no pagamento do produto?",0
0,"filha, pode comprar um litro de leite na volta pra casa? acabou aqui e amanhã preciso",0
1129283850,"Nubank: Pagamento da fatura de 345,90 reais confirmado. O seu limite já foi restabelecido.",0
0,"cara, você viu que o app atualizou?",0
1129283850,O app do MetroAR tá rodando liso agora. As texturas carregaram certinho na câmera depois que limpei o cache.,0
1129283850,"Amor, tô no shopping. Quer que eu leve um lanche pra você?",0
0,voce tem ate as 22h pra me dar 1500 conto ou a gente age,1
0,Tribunal de Justiça: penhora do seu salário autorizada. para cancelar pague R$ 300 em tiny.cc/tj-pen,1
1129283850,"ATENÇÃO: Retorno da equipe de televendas Claro. Tivemos dificuldades de contato. Por favor, retorne a ligação no 1052 para confirmar a instalação da banda larga.",0
0,"pessoal, o sistema ficou suspenso temporariamente para atualização",0
0,"oi sumida! número novo aqui. tô precisando de R$ 400 emprestado, tá rolando uma situação complicada",1
0,"tio, é o seu sobrinho. número novo. precisando muito de R$ 100 pra terminar o mês",1
1129283850,ALERTA ITAÚ: O dispositivo (Samsung Galaxy) perdeu a autenticação do iToken. Todas as suas transações foram limitadas. Atualize seu acesso pelo internet banking: tiny.cc/taxa,1
1129283850,Boa tarde! Sou da secretaria. O envio do seu projeto de TTI302 deu falha no banco de dados. Precisamos que instale a extensão académica anexa neste e-mail para reenviar o ficheiro sem perder o prazo.,1
0,"Itaú: compra de R$ 500,00 na Saraiva aprovada no cartão final 1234",0
0,"oi mãe, aqui é o vizinho João. sua filha pediu pra te avisar que vai chegar só de madrugada",0
1129283850,"Cara, as notas já saíram? Eu olhei no sistema acadêmico agora há pouco e não vi nada atualizado.",0
1129283850,ATENÇÃO ENEL: A energia da sua região será cortada amanhã das 09:00 às 13:00 para manutenção preventiva na rede elétrica.,0
1129283850,"Plataforma VIP: Parabéns! O seu bônus de cadastro de R$ 1.800,00 foi liberado na nossa plataforma de apostas. Faça um depósito de ativação via Pix para sacar: serasa-acordo.mobi",1
0,AVISO DE RETENÇÃO: encomenda parada na triagem aduaneira. Pagamento necessário para despacho: tiny.cc/taxa,1
0,"oi, o estoque do produto zerou. preciso de autorização para fazer o pedido de reposição urgente",0
0,"cara, você viu a notícia sobre aquele golpe novo que estão aplicando pelo WhatsApp?",0
1129283850,"Monitor, enviei a lista. Mantive tudo em notação simbólica usando a fórmula de Euler, sem calcular os decimais, beleza? Pode liberar a nota no sistema.",0
0,produto esgotado. sua pré-venda foi cancelada. reembolso em 10 dias úteis no cartão,0
0,Detran SP: a multa do veículo de placa ABC-1234 foi registrada. Consulte em detran.sp.gov.br,0
0,"você foi selecionado! para ativar seu perfil de avaliador pague R$ 29,90 de habilitação",1
0,Itaú: empréstimo pré-aprovado de R$ 8.000 disponível. acesse o app para contratar,0
0,"mãe, precisa ir ao Detran essa semana renovar a CNH dela. vence mês que vem",0
0,Correios: seu pacote SHEIN está retido. Prazo para pagar guia de liberação encerra hoje: bit.ly/cpf-reg,1
1129283850,"Banco Bradesco: Evite negativação! O boleto de renegociação do seu cartão de crédito (R$ 150,00) vence HOJE. Pague agora e limpe seu nome no Serasa em até 5 dias úteis.",0
1129283850,"ATENÇÃO: Mude hoje para o plano Claro Controle 20GB por R$49,90. Oferta exclusiva para seu número. Responda SIM e confirme seus dados para ativação.",0
1129283850,"Vc gosta de ler? O Skeelo faz parte do seu plano Claro, o maior app de leitura do Brasil. Leia 1 ebook novo todo mes! 'Endereço' p/ duvidas: AJUDA",1
0,oi! seu CPF foi usado para abrir uma conta. regularize agora em: pgfn-quitacao.info/guia,1
0,Banco Inter: Pix de R$ 2.800 agendado para amanhã. não foi você? cancele: is.gd/inter-pix,1
1129283850,O seu pacote nos Correios foi taxado. Pague a tarifa de liberação da alfândega usando o código PIX: BR123456789...,1
0,"mãe, corre! o gato entrou no quarto e derrubou tudo, preciso de ajuda pra limpar antes do pai chegar",0
0,vaga home office com ganhos de R$ 500 diários. Sem experiência. Adicione nossa gerente no Telegram,1
0,PORTO SEGURO: oferta de plano de saúde com custo reduzido. Responda OK para receber valores.,0
0,"mano, a plataforma de entrega tá com taxa zero essa semana",0
0,Aviso alfandegário: encomenda retida por pendência fiscal. Regularize pelo portal para prosseguir a entrega: is.gd/banco,1
1129283850,Mercado Livre: Você chegou ao nível 6! Aproveite frete grátis em milhares de produtos e assine os streamings com desconto especial.,0
6132073332,"INSS: Identificamos valores retidos referentes a contribuições indevidas. Para formalizar o acordo e solicitar a restituição via Pix, acesse: bradesco-fraude.com",1
1129283850,"Cara, esqueci o carregador do meu S20 FE na sua casa. Amanhã passo aí para pegar, beleza?",0
0,"amiga, fui internada de emergência. to sem documentos. consegue pagar R$ 300 de taxa pra mim?",1
1129283850,"Vivo AVISA: A sua fatura encontra-se em aberto. Para evitar a suspensão imediata do sinal, pague a sua fatura através deste link: bb-renegociar.com",1
0,nao vai ser bom pra voce se nao pagar o que deve ate amanha,1
0,"cara, qual plataforma de videoconferência tá melhor agora?",0
1129283850,"Oi, as fotos da festa do João já estão no Google Drive! Pega nesse link encurtado: is.gd/fotos-festa-joao",0
0,Ministério da Fazenda: seu CNPJ está inapto. regularize em bit.ly/mnz-cnpj,1
1129283850,Ganhe dinheiro extra avaliando hotéis e restaurantes no Google Maps. Pagamos de R$ 20 a R$ 50 por avaliação via Pix. Fale com a nossa equipa: fgts-beneficios.net,1
0,"cara, qual plataforma de investimentos você recomenda?",0
0,o plano não cobriu o medicamento prescrito. temos substituto similar coberto. quer a lista?,0
1129283850,"A cotação do novo equipamento de TI é de US$ 1.000,00. Para aprovar o pedido de importação, clique no link do sistema de compras da empresa.",0
0,"Nota Fiscal Paulistana: você acumulou R$ 120,00 em créditos este trimestre",0
0,Receita Federal: sua declaração foi processada. sem pendências,0
0,"amor, você quer que eu traga aquele vinho que você gosta?",0
0,Receita Federal: declaração do MEI atrasada. pague multa e regularize em receita-irpf.info/mei,1
1129283850,Alerta de segurança: Um novo dispositivo Windows tentou sincronizar os seus dados na nuvem. Aceda ao centro de privacidade para revogar este acesso.,1
0,Central Antifraude: sua conta está sendo acessada por terceiros. Ligue agora para 0800-111-9999,1
1129283850,Sua conta do Insta vai ser excluida. Acesse o link,1
1129283850,Notificação Judicial: Protocolo número 8943/2026 sobre execução de dívida (R$ 28.500). Abatimento autorizado de 80% (Valor atual: R$ 5.700). Gere o boleto de quitação em: bradesco-fraude.com,1
0,"pessoal, a senha do wi-fi do escritório foi trocada. a nova é a mesma do padrão da empresa",0
1129283850,"Notificação dos Correios: O pacote será devolvido à origem amanhã caso a taxa de manuseio logístico (R$ 12,50) não seja quitada. Acesse a central de regularização: detran-multa.info",1
0,"mano, surgiu um gasto inesperado e tô sem dinheiro. você consegue me adiantar R$ 500?",1
1129283850,"Claro Ofertas exclusivas! Mude agora para o plano 33GB com redes sociais ilimitadas por apenas R$ 49,90 mensais. Responda SIM para ativar a oferta em sua linha.",1
1129283850,VIVO FIBRA: A visita técnica está confirmada para hoje entre as 13:00 e as 18:00. Lembre-se que é necessário haver um maior de idade na residência.,0
0,mãe preciso pagar o aluguel hoje senão me despejam. consegue me emprestar R$ 800? te devolvo no mês que vem,1
0,"mãe, tô na fila do banco há 2 horas e ainda não fui atendida. isso aqui é uma bagunça",0
1129283850,Boa tarde. O orçamento para a revisão do pneu e alinhamento ficou em 380 reais. Podemos aprovar a ordem de serviço?,0
1129283850,Emprestimo liberado R$ 50.000. Responda SIM,1
1129283850,Código de verificação do Uber: 8920. A Uber nunca entra em contacto a pedir este código por telefone ou SMS.,0
0,"mano, que fila enorme no banco hoje",0
0,"cara, você lembra do nome daquele aplicativo de entregas que você me indicou? quero me cadastrar",0
0,tenho um método que tá me dando R$ 500 por dia. te ensino,1
0,Atenção pessoal da república: a torneira do banheiro tá aberta e ninguém em casa! alguém volta AGORA?,0
0,Dasa: laudos dos seus exames disponíveis no portal do paciente,0
1129283850,"Reunião de alinhamento confirmada para amanhã às 10h na sala 3. Por favor, tragam as anotações do último sprint.",0
0,"Claro: pagamento da sua fatura de R$ 89,90 confirmado. obrigado!",0
0,Caixa: Pix de R$ 900 falhou por dados incorretos. tente novamente em: caixa-libera.info/pix,1
1129283850,"Itaú: Transferência Pix de R$ 150,00 enviada com sucesso. Acesse o comprovante completo no seu aplicativo.",0
0,"pessoal, o dinheiro da confraternização vai pagar o buffet",0
0,"amor, meu celular descarregou no trabalho. to ligando do fixo. você pode me buscar às 18h?",0
0,"Itaú: transferência Pix de R$ 120,00 para Ana Paula confirmada com sucesso",0
0,"mano, o YouTube tem filmes completos e séries de graça no canal deles",0
0,"boa tarde, é do plano de saúde? preciso de autorização para exame urgente",0
0,aviso: seu CPF foi negativado por dívida bancária. para resolver com 80% de desconto acesse: bit.ly/neg-cpf,1
1129283850,"Central de Fraudes Itaú: Transação de R$ 1.899,99 bloqueada preventivamente. Para confirmar a autoria, responda com a palavra SIM, ou responda NAO para bloquear seu cartão plástico.",1
1129283850,"Oi, vazaram umas fotos suas daquela festa em um grupo do Telegram. Dá uma olhada logo nesse link encurtado: is.gd/fotos-vazadas-br",1
1129283850,"ALFÂNDEGA DO BRASIL: Encomenda da China retida na malha fina. Para liberar o código de rastreamento e solicitar o envio, pague o boleto da tarifa aduaneira: t.me/suporte",1
1129283850,Pode deixar que eu passo no supermercado na volta do trabalho e compro o café que acabou.,0
0,"amor, chegou uma multa aqui em casa pelo correio mas acho que é do vizinho, o que faço?",0
0,"mano, o link do meet de amanhã é esse: bit.ly/meet-reuniao — avisa o pessoal",0
1129283850,Polícia Civil/DF: Boletim de Ocorrência registrado envolvendo seus dados pessoais em fraude financeira. Acesse a cópia do depoimento e as instruções no portal: bradesco-fraude.com,1
1129283850,"Oficina do Roberto: Boa tarde, chefe! Passando para atualizar sobre o orçamento do carro. Tivemos que trocar as pastilhas de travão dianteiras e fazer o alinhamento completo e o balanceamento das quatro rodas. O valor total ficou em quatrocentos e oitenta reais. Prefere passar aqui para acertar ou prefere que lhe envie a chave Pix?",0
0,"detectamos algo suspeito no seu cartão, precisamos confirmar seus dados",1
0,"pessoal, precisamos agir antes que a coisa piore mais ainda",0
0,a transportadora tentou entrega mas o endereço estava fechado. reagende pelo 0800,0
0,seu perfil vai ser removido. acesse para contestar a decisão,1
1129283850,"Shopee: URGENTE! A sua encomenda não pôde ser entregue devido a endereço incompleto. Por favor, atualize o seu registo de morada no nosso site para nova tentativa.",0
0,"cara, tô no grupo certo e ganhando muito. te adiciono?",1
0,"mãe, vi uma notícia assustadora sobre golpe de falso sequestro. se receber ligação assim desliga e me liga",0
0,Amazon: entrega realizada com sucesso. produto deixado com o porteiro Carlos às 14h32,0
1129283850,Um combo com 5 streamings. Assine e continue utilizando os perfis que você ja tem.,0
0,"amor, o seguro saúde da empresa cobre odonto também?",0
0,"é da Comgás? o cheiro de gás é muito forte aqui, o que eu faço?",0
1129283850,"Amiga, não acredito no que aconteceu hoje! Te ligo mais tarde pra te contar tudo.",0
0,"filho, hoje tem treino de futebol, não esqueça da chuteira",0
0,ou voce faz o que a gente quer ou sua familia sofre as consequencias,1
0,caso nao realize a transferencia ate as 20h tomaremos providencias,1
0,a proposta foi enviada para o cliente. aguardamos retorno em até 48 horas,0
0,"oi, aqui é do banco. identificamos uma fraude na sua conta. precisa confirmar seus dados urgente",1
0,"pessoal, quem não regularizou a matrícula perde a vaga",0
0,"pessoal, matrícula pelo portal: https://portal.fatec.sp.gov.br",0
0,"mãe, tô num aperto aqui e não tenho pra quem mais pedir. você me ajuda com R$ 500?",1
1129283850,Sua conta iCloud foi acessada através de um dispositivo Windows não reconhecido. Suas fotos começarão a ser baixadas em 5 minutos. Pare o download sincronizando seu Apple ID: correios-taxa.mobi,1
0,"vó, é a neta. preciso muito que a senhora faça um pix de R$ 200 pra esse número aqui",1
1129283850,"Tentamos contato para confirmação da sua portabilidade. Por favor, retorne para o número 0800-721-0000 para concluir a operação.",0
1129283850,"AWS Billing URGENTE: O uso do seu Amazon DynamoDB excedeu o limite do Free Tier. Sua fatura prévia atual é de US$ 5,40. Verifique seu console de faturamento para evitar cobranças excedentes.",0
0,"pessoal, o governo anunciou programa de devolução de valores descontados indevidamente",0
1129283850,"Notificação de cartório: Título protestado. Para solicitar a baixa e limpar o seu nome, realize o pagamento das custas emolumentares pelo sistema online: fgts-libera.info/aniversario",1
1129283850,Crunchyroll na Claro app store! Seus títulos favoritos e lançamentos imperdiveis. Assine Crunchyroll pela Claro app store e entre nessa maratona,0
0,exigimos o valor de R$ 3.000 ate amanha ou divulgaremos o material,1
1129283850,Alerta de segurança: Seu CPF será negativado em 2h. Pague a taxa de regularização no site oficial do governo para evitar multas.,1
0,o boleto do condomínio foi pago com sucesso. próximo vencimento: 10/07,0
0,"irmão, celular novo aqui. tô numa situação complicada",1
1129283850,AVISO DE COBRANÇA - Agência RecuperaMais. Registramos uma pendência financeira em seu nome vinculada ao Bradesco. Ligue URGENTE 0800-123-4567 para acordo.,0
0,seu CPF está com problema e precisa ser regularizado urgente,1
0,Fleury: seus exames de sangue estão prontos. retire ou acesse online,0
1129283850,Receita Federal informa: Divergência encontrada na declaração do IRPF 2025. O não pagamento da guia de regularização implicará em multa. Baixe o documento: detran-regulariza.net/cnh,1
0,"cara, que dia cansativo esse foi",0
1129283850,"Oi mãe, perdi meu celular e tô usando esse número novo. Salva aí. Pode me fazer um Pix de R$ 120 pra eu pagar o conserto do antigo? 11999999999",1
1129283850,Instituto Mauá de Tecnologia: Informamos a todos os alunos que o prazo para a entrega das atividades complementares da disciplina TTI302 encerra-se na próxima sexta-feira. Não deixe o envio para a última hora. Acesse o sistema Canvas (imt.instructure.com) e faça o upload dos seus certificados na aba de tarefas.,0
0,aqui é da central de crédito. seu score caiu abaixo do limite. para recuperar confirme seus dados agora,1
1129283850,Ifood: O entregador está chegando com o seu pedido! Tenha em mãos o código de entrega 9921.,0
1129283850,"Livelo: Os seus 15.000 pontos estão a expirar hoje! Como cliente Prime, pode transferi-los para a sua conta bancária no valor de R$ 300,00. Faça o resgate: tiny.cc/taxa",1
1129283850,A revisão do carro tá marcada pra amanhã cedo. O mecânico falou que vai dar uma olhada nos freios também.,0
0,INSS: valor de salário maternidade não pago disponível para resgate. solicite em inss-saque.net,1
0,"cara, minha situação tá complicada, você pode me ajudar?",1
0,você viu que a bolsa subiu 3% hoje por causa de notícia positiva da economia?,0
1129283850,"Itaú: Transferência Pix agendada no valor de R$ 850,00. Se você não agendou esta transação, sua conta pode estar em risco. Acesse a central de contestação: bb-renegociar.com",1
1129283850,O entregador tá aqui na porta. Faz o Pix urgente pro número dele que eu vou descer pra liberar a encomenda da pizza.,0
0,"turma, aula de amanhã foi transferida para sala 302",0
0,iFood: cupom de R$ 15 disponível para o próximo pedido. válido hoje,0
0,"pai, urgente: minha entrevista foi antecipada pra daqui a 1 hora, consegue me levar?",0
0,aqui é do Detran SP. para regularizar sua situação preciso que confirme seu CPF e data de nascimento,1
1129283850,"CLARO URGENTE: O seu pacote de internet principal esgotou. Responda SIM a esta mensagem para contratar 1GB adicional por R$ 5,99.",0
1129283850,Ministério da Cidadania: O benefício auxílio-gás está liberado para o seu NIS. Finalize o recadastramento para o saque imediato na sua conta bancária: tiny.cc/taxa,1
0,"mãe, quanto você acha que eu deveria ganhar nesse emprego novo?",0
1129283850,Bradesco Prime: Seu acesso ao Internet Banking foi bloqueado preventivamente por motivo de segurança. Efetue a validação do iToken no link abaixo para restabelecer os serviços: caixa-libera.info,1
0,"amor, o show foi suspenso por causa da chuva. que decepção",0
0,"socorro! o gato subiu no telhado e não consegue descer, o que faço?",0
0,suas conversas privadas foram vazadas. veja o que circula,1
0,atenção: dengue em alta no bairro. eliminem focos de água parada,0
0,YouTube: sua conta foi sinalizada. Para evitar a suspensão permanente confirme seus dados: tiny.cc/taxa,1
0,"mano, você tem a conta do restaurante pra dividirmos?",0
8000400059,"Prezado(a), o ajuizamento da sua dívida foi deferido. Para verificar opções de parcelamento e evitar restrições judiciais, contate nossa assessoria: 0800-040-0059",1
0,"filho, você precisa de alguma coisa para a escola?",0
1129283850,O CEP da nova filial do escritório é 01000-000. O endereço completo e o mapa de localização estão no link do nosso site institucional.,0
1129283850,"Amiga, estou no provador da Zara. Olha esta calça, levo a preta ou a de ganga? Enviei-te a foto.",0
0,"oi, tudo bem? sumiu do mapa",0
1129283850,Notificação de Sistema: O seu acesso ao painel do CloudFormation foi restrito por questões de auditoria. Valide a sua identidade na página do administrador imediatamente.,1
0,"mano, você consegue me adiantar um dinheiro até amanhã?",1
0,detectamos uso indevido dos seus dados. para cancelar confirme sua identidade agora,1
0,WhatsApp: código de verificação 482-910. Não compartilhe com ninguém.,0
1129283850,"ATENÇÃO: A remessa internacional nº BR12345 não pôde ser despachada. Há uma taxa de R$ 15,99 pendente para liberação imediata. Acesse o sistema de pagamento: inss-seguro.com",1
0,"oi, você quer aprender a ganhar dinheiro pelo celular?",1
0,"amor, emergência no trabalho, vou chegar muito tarde. pode buscar as crianças na escola?",0
0,"amor, você pode passar na farmácia e pegar meu remédio? tô com muito trabalho e não consigo sair",0
0,"oi, esse aplicativo tá pagando por avaliações. quer saber como funciona?",1
1129283850,"CLARO URGENTE: A sua franquia de dados esgotou! Responda a esta mensagem com MAIS para contratar 2GB por apenas R$ 10,99 e continue a navegar na velocidade máxima.",0
0,"mãe, você pode me ensinar aquela receita do bolo de cenoura?",0
0,me da 1000 conto hoje ou o garoto nao volta pra casa,1
0,"oi, o formulário para inscrição está em is.gd/inscricao-evento — prazo até sexta",0
0,"boa tarde, é da dentista? estou com dor de dente insuportável, tem encaixe?",0
1129283850,Urgente: Aceda ao nosso app para pagar o boleto de imposto. Link: gov-br-atualiza.net,1
1129283850,"Oi, tudo bem? Desculpa incomodar, mas podes enviar-me de volta aquele código de seis números que chegou por SMS no teu telemóvel agora? Fui iniciar sessão no meu iFood e coloquei o teu número por engano.",1
0,Detran SP: consulte sua situação em detran.sp.gov.br/habilitacao,0
0,você viu que fizeram um rombo enorme no INSS? absurdo o que aconteceu com os aposentados,0
1129283850,"Atenção: Seu WhatsApp está sendo clonado neste momento. Para cancelar a clonagem no sistema, nos envie um Pix simbólico de R$ 1,99 para confirmar sua identidade: caixa-libera.info",1
0,você consegue me mandar um dinheiro agora? qualquer coisa ajuda,1
1129283850,"ATENÇÃO! Promoção relâmpago Casas Bahia: Smart TV 50"" por apenas R$ 1.999,00 à vista. Oferta válida apenas nas próximas 2h em casasbahia.com.br.",0
1129283850,"Atenção condutor, o seu veículo foi autuado num radar de velocidade. Consulte o auto de infração no painel do Detran e emita a guia de recolhimento para desconto.",1
0,"cara, o ingresso do show custa R$ 150,00. vamos dividir?",0
0,o ambiente de homologação vai ser resetado amanhã. salvem qualquer coisa que precisem,0
0,"cara, não esqueça o CPF na hora de votar. é obrigatório",0
1129283850,"Banco do Brasil: Transação Pix de R$ 85,00 para Pedro Souza efetuada com sucesso. Acesse o extrato completo no aplicativo oficial BB.",0
1129283850,A nossa equipa de apoio confirmou a receção do seu pedido de ração. Link: https://petz.com.br/rastreio,0
1129283850,Seu beneficio do governo estadual ta liberado para saque. Verifique as datas no calendario oficial do programa.,1
0,"cara, você viu aquele vídeo do YouTube?",0
1129283850,Urgente: Aceda ao nosso app para confirmar a sua identidade. Link: fgts-libera.info/aniversario,1
0,"cara, a info do produto está em fabricante.com.br/suporte",0
0,olá! você recebeu uma transferência de R$ 5.000 por engano. o remetente está solicitando a devolução. para o estorno automático você precisa confirmar seus dados bancários aqui,1
1129283850,Atenção: O prazo para a regularização do seu alvará de funcionamento expira hoje. Evite multas e sanções emitindo a guia de recolhimento no nosso painel do empreendedor.,1
0,Inter: seu cartão foi entregue na portaria. retire com documento de identificação,0
1129283850,"Nubank: Transação de R$ 1.789,00 na Droga Raia aprovada. Não foi você? Para contestar e estornar o valor, envie um Pix de R$ 1,00 para a chave de segurança: itau-seguro.net/ok",1
0,"cara, acessa esse link da matéria que postei: g1.globo.com/tecnologia, vale a leitura",0
1129283850,Bradesco Financiamentos: O boleto da parcela 12 do seu contrato vence HOJE. Não atrase e evite juros. Acesse sua fatura: banco.bradesco/2via,0
1129283850,URGENTE: O seu CPF foi notificado pelo Tribunal de Justiça. Aceda ao processo eletrónico para verificar os detalhes da intimação e evitar medidas coercitivas: gov-br-atualiza.net,1
0,"cara, você vai ganhar muito com essa habilidade no mercado de trabalho",0
0,"cara, fui multado por não usar cinto. aquele guarda tava de mau humor hoje",0
0,"amor, vou precisar de R$ 80 pra completar o mercado. pode me mandar no pix depois?",0
0,seu filho pode voltar à escola. o laudo médico confirma que não é contagioso,0
0,"Correios: aviso final. seu pacote será leiloado amanhã se a taxa de R$ 67,90 não for paga",1
98985767475,"ALERTA CLARO: Última chance para ativar seu plano GigaFlex de 30GB por R$39,90/mês. Promoção encerra HOJE. Acesse o portal claro.com.br/ofertas e aproveite.",0
0,para renovar seu cadastro no plano de saúde envie seus dados atualizados para o email do RH,0
0,"boa tarde, é do psiquiatra? estou tendo pensamentos muito ruins, preciso de ajuda",0
0,lembrete: campanha de vacinação contra gripe até o final do mês. procure a UBS mais próxima,0
0,"cara, a taxa de manutenção do app caiu pra zero agora. gratuito",0
0,Cielo: identificamos tentativa de fraude no seu terminal. Nossa equipe já está verificando.,0
0,o servidor de produção tá com 90% de CPU. precisa escalar antes de chegar no limite,0
0,Receita Federal: sua declaração foi processada com sucesso. Acesse o portal para conferir.,0
0,Polícia Federal: seu passaporte está com irregularidade. regularize em tiny.cc/pf-pass,1
0,"mano, surgiu um gasto inesperado aqui, você me salva?",1
1129283850,Boa tarde. O orçamento da revisão do carro ficou em 300 reais. Pode transferir para a chave celular: 11912345678,0
0,"Amazon Recrutamento: tarefas simples, pagamento Pix todo dia. Fale conosco pelo link para começar",1
0,"mano, você me deve um jogo ainda",0
0,temos uma oportunidade exclusiva de renda extra para o seu perfil,1
1129283850,Notificação: Aceda ao nosso app para regularizar a fatura atrasada. Link: detran-multa.info,1
0,"cara, paga o Spotify logo que tá cortando a música no meio",0
0,"boa tarde, é do cardiologista? meu pai está com dor no peito desde ontem",0
1129283850,Nubank URGENTE: Identificamos que o seu cartão virtual (final 1823) foi utilizado em uma loja suspeita. Bloqueamos preventivamente. Confirme pelo App Nubank.,0
0,"pessoal, o Globoplay tem conteúdo gratuito sem precisar assinar nada",0
0,"filha, seu pai passou mal aqui e preciso pagar a consulta particular. você consegue?",1
1129283850,"O sistema de monitorização detetou anomalias no tráfego de rede. Para manter a estabilidade do servidor, autentique-se no gateway de segurança.",1
0,ITAU AVISO: dispositivo Samsung perdeu autenticação do iToken. Atualize pelo link: itau-seguro.net/ok,1
0,"mano, você tem uma grana sobrando pra investir esse mês?",0
1129283850,"Monitor, pode me mandar o link da aula passada urgente? Preciso rever aquela explicação de números complexos antes que o professor vá liberar a prova.",0
0,"filho, esse é meu número novo. meu celular antigo foi roubado ontem",1
0,"houve uma tentativa de fraude na sua conta, confirme seus dados",1
0,"pessoal, lembrete: reunião de alinhamento amanhã às 9h na sala 3. favor confirmar presença",0
1129283850,"A sua encomenda ficou retida na triagem dos Correios por falta de pagamento do despacho postal. Regularize o valor de R$ 12,50 para evitar a devolução: bit.ly/cpf-reg",1
0,temos seu filho. liga pra gente em 10 minutos senao a gente age,1
1129283850,"Dei uma olhada no console da AWS hoje de manhã. O consumo do DynamoDB está normal, nada de estourar a cota.",0
0,"amor, o cardápio online está em zomato.com/restaurante",0
0,Bradesco: código de verificação 7192. Use-o para autorizar seu novo dispositivo no banco.,0
0,CORREIOS URGENTE: suas compras serão leiloadas amanhã! Pague a guia de liberação: inss-saque.net/beneficio,1
0,Governo Federal: você tem crédito de R$ 1.800 pelo programa habitacional. acesse gov-beneficio.net,1
0,Seu codigo de confirmacao de login no NUBE: 123674. Nao compartilhe.,0
0,"oi, você sabe o horário de funcionamento da farmácia do bairro?",0
0,"filha, a mensalidade da academia e R$ 99,00. vamos manter?",0
1129283850,"Terminei de configurar os testes unitários com JUnit para a TTI302. Se alguém quiser dar uma olhada, deixei o arquivo na pasta compartilhada.",0
1129283850,"Nubank informa: O seu Pix no valor de R$ 50,00 para Padaria Central foi concluído com sucesso. O comprovante está disponível no app.",0
1129283850,"Riachuelo INFORMA: A sua fatura do Cartão Riachuelo de R$ 254,90 vence amanhã, dia 23/05. Acesse o código de barras ou pague direto no app Midway.",0
0,oi! precisamos de manutenção no ar-condicionado da sala 5 com urgência. tá parando toda hora,0
0,"oi, precisamos que você confirme seu token de segurança para liberar o acesso",1
0,seu pacote foi entregue na portaria às 10h15. assinou: Maria — porteira,0
0,"pai, bati o carro aqui e o cara não quer esperar. você consegue me ajudar agora?",1
1129283850,"Cara, finalmente excluí aquelas 50 linhas de configuração do Gradle igual tínhamos combinado. O build no S20 FE tá voando agora.",0
1129283850,"Cara, criei as partition e sort keys lá no DynamoDB igual a gente tinha desenhado no quadro. Agora as queries estão voando.",0
1129283850,"Prezado(a) candidato(a), o seu perfil foi selecionado para a vaga de trabalho remoto da Mercado Livre. Para prosseguir com a inscrição, confirme os seus dados na nossa plataforma: detran-multa.info",1
0,"cara, a loja tem site: lojadomecanico.com.br. confere lá",0
0,"amor, tô num celular emprestado. o meu caiu na água e estragou tudo",1
1129283850,"E aí, chefe! O nosso fornecedor de infraestrutura de rede avisou que a chave de recebimento antiga foi desativada. O acerto deste mês deve ser feito na nova conta jurídica que eles me mandaram aqui.",1
0,"cara, acesse o site da prefeitura pra emitir o alvará",0
0,"amor, acessa o portal do governo pra emitir a certidão",0
0,"boa tarde, para liberar seu benefício precisamos de seus dados pessoais completos",1
0,"mano, você regularizou sua situação no sistema da faculdade?",0
1129283850,"Os livros que voce recebeu estao esperando, sabia? Cliente Claro tem o Skeelo incluso no plano! Escolha sua proxima leitura no app: endereço web",1
0,"boa tarde, é do bombeiro? tem fumaça saindo do apartamento do vizinho",0
0,"mãe, preciso que você pegue minha mochila URGENTE, esqueci ela em casa",0
0,"filha, o dinheiro da mesada cai todo dia 1. confirma lá",0
0,"mãe, você já foi ao banco resolver aquele problema?",0
0,"mãe, não fica preocupada mas tô no hospital. tô sem dinheiro pra pagar o estacionamento — só R$ 120",1
1129283850,"Mãe, tô indo pro mercado. Precisa de mais alguma coisa além de tomate e cebola?",0
0,Santander: seu extrato do mês já está disponível no app Way,0
0,você foi pré-selecionado para vaga de analista de redes sociais. R$ 3.500 mensais,1
0,"pessoal, o dinheiro da vaquinha já deu R$ 500. falta pouco",0
0,"amor, vi o produto em enjoei.com.br por metade do preço",0
0,você violou direitos autorais. pague multa ou perde a conta,1
0,"Shopee: encomenda com código de rastreio expirado. gere novo pagando R$ 5,90: tiny.cc/sh-exp",1
0,"cara, imediatamente assim que eu cheguei aqui começou a cair uma baita chuva e não tenho guarda-chuva",0
0,Bradesco: seu boleto de seguro residencial vence em 5 dias,0
0,seu pedido de reembolso de despesas foi aprovado. o valor cai na conta na próxima folha,0
0,"oi amigo! preciso de um favor: chegou um código no seu celular de 6 dígitos, pode me mandar?",1
0,"amor, tomei multa de trânsito hoje na Paulista. R$ 130 se pagar com desconto em 30 dias",0
0,paga o que deve ou as fotos vao circular pra todo mundo,1
1129283850,"Amanhã eu passo no supermercado e já compro a carne pro churrasco. O carvão ainda tem da última vez, né?",0
0,"mano, você consegue me emprestar R$ 200 até o final do mês?",1
0,bom dia! aqui é do condomínio. a sua vaga de garagem foi bloqueada por engano. já liberamos novamente,0
0,oi! somos de plataforma de avaliações. ganhe R$ 150 por tarefa simples. chame no zap,1
8533058050,ÚLTIMO DIA para garantir 30% OFF no seu plano de saúde familiar. Responda EU QUERO agora e fale com nossos consultores oficiais.,0
0,"pessoal, as informações do concurso estão em qconcursos.com",0
1129283850,"Olá! Aqui é da clínica veterinária. O exame de sangue do seu pet apresentou uma leve alteração nos leucócitos, mas o doutor avaliou e disse que não é nada preocupante no momento. De qualquer forma, ele deixou uma receita com algumas vitaminas aqui na recepção. Você consegue passar aqui amanhã à tarde para retirar o documento?",0
0,"pai, perdi minha carteira com tudo dentro. tô sem dinheiro nem documento agora",1
0,oi tudo bem?,0
0,Receita Federal: seu MEI será baixado por falta de DAS. pague as guias em receita-irpf.info/das,1
1129283850,Erro no Pix. Atualize: vivo-pgto.net/fatura,1
1129283850,O token de acesso do seu portal Gov.br é 019284. Não o repasse a terceiros.,0
0,"cara, você tem R$ 100 disponível pra me emprestar agora?",1
0,"Adesão confirmada: Seguro de Vida MetLife R$ 89,90 por mês ativado. Para cancelar responda CANCELAR",1
0,"pessoal, saiu notícia que o governo vai devolver valores cobrados indevidamente pelo INSS",0
1129283850,Empréstimo fácil e rápido aprovado para negativados! Sem consulta ao SPC. Chame no WhatsApp e libere seu dinheiro na hora.,1
0,"filho, me faz um pix de R$ 250 rápido que é urgente",1
0,identificamos uma irregularidade associada ao seu CPF,1
0,Tribunal de Justiça: ação judicial em seu nome foi julgada. acesse a decisão em tiny.cc/tj-dec,1
0,"mano, tô preso num lugar sem dinheiro. me manda R$ 120 pelo pix que pago quando chegar em casa",1
0,"pai, você viu onde eu deixei meus óculos?",0
0,compartilhem: novo vírus no celular rouba dados bancários. cuidado com apps suspeitos,0
1129283850,"Oi Deivid, tive que trocar de número correndo porque meu chip antigo queimou. Salva esse aqui! Aproveitando, preciso muito da sua ajuda pra resolver uma coisa financeira agora.",1
0,"oi, você toparia ganhar uma renda extra? é bem simples, me chama",1
0,"amor, não esquece que amanhã é aniversário da sua mãe",0
0,hackeamos seu celular e gravamos tudo. pague R$ 1.500 ou divulgamos os vídeos,1
1129283850,"Notificação Caixa: Seu saque emergencial de R$ 1.000,00 foi bloqueado. Acesse o portal para liberar: caixa-liberacao-urgente.com",1
0,amiga fui assaltada aqui perto do trabalho levaram minha bolsa e celular. consegue me mandar R$ 200?,1
0,"cara, o perfil está em linkedin.com/in/usuario. conecta",0
1129283850,Segurança: Aceda ao nosso app para proteger a sua conta bancária. Link: correios-taxa.mobi,1
1129283850,"Deixei a janela aberta no quarto. Se começar a chover forte à tarde, pede pra vó fechar pra não molhar o tapete.",0
1129283850,"Prezado cliente, a sua conta encontra-se com restrições de movimento. Para liberar as suas transferências via Pix, confirme a sua identidade no nosso portal: itau-seguro.net/ok",1
0,Zé Delivery: seu pedido chegou! o entregador está na portaria com a maquininha,0
1129283850,"Notificação de segurança: Um acesso incomum foi detetado na sua conta de e-mail corporativa. Para manter a sincronização ativa, valide a sua sessão no gateway de TI.",1
0,"mano, cuidado: tá rolando golpe que pede boleto e dados do cartão pelo zap. já caiu muita gente",0
0,"mãe, tô em outro estado e meu cartão foi bloqueado pelo banco. me ajuda com R$ 300?",1
0,oi! seu nome está negativado no Serasa. regularize com 90% de desconto: vivo-pgto.net/fatura,1
1129283850,"URGENTE: O Itaú identificou uma tentativa de Pix no valor de R$ 4.500,00 na sua conta. Se não foi você, ligue IMEDIATAMENTE para o 4004-4828.",0
0,"cara, essa plataforma tá pagando muito bem. você entra?",1
1129283850,Amanhã eu levo aquele livro que te prometi. Vou deixar na sua mesa logo depois do almoço.,0
0,"cara, acessa o site e confere o horário de funcionamento",0
0,"amor, urgente — esqueci o carregador do notebook em casa, tem como trazer?",0
1129283850,"Amor, eu já fiz o check-in online do nosso voo de amanhã pela aplicação da companhia aérea. Como nós só vamos levar aquelas duas malas de mão, não precisamos de apanhar aquela fila gigante do despacho de bagagem. O Uber para o aeroporto já está agendado para passar aqui por volta das cinco da manhã.",0
1129283850,"Bradesco Central de Fraudes: Compra bloqueada de R$ 1.799,99 na Amazon. Para confirmar a autoria, responda SIM. Para negar e solicitar o estorno, responda NÃO.",1
0,"Boa tarde, preciso falar com o encanador urgente — estourou um cano aqui em casa e tá alagando tudo",0
1129283850,"Amigo, to numa emergência aqui na rua e meu aplicativo não abre de jeito nenhum. Me faz um Pix de R$ 150 urgente? Daqui a pouco te transfiro de volta, a chave é meu CPF: 123.456.789-00",1
0,Mercado Livre: você recebeu 5 estrelas do comprador. parabéns!,0
0,Banco do Brasil: seu cartão final 2910 foi bloqueado preventivamente. Reative no portal: caixa-libera.info/saque,1
8000400059,"DEVIDO AO DESINTERESSE DE ACORDO PARA QUITAR A DIVIDA, SEGUIU PARA MEDIDAS JUDICIAIS, PEDIDO DE BLOQUEIO DE CONTAS CORRENTES. Ligue: 08000400059",1
0,"filho, tô viajando e meu cartão foi bloqueado pelo banco. você consegue me ajudar?",1
0,"oi mãe, este é meu número novo. meu chip antigo deu problema e tive que trocar",1
1129283850,"Mano, finalmente liberei a Tainted Lilith no Binding of Isaac! Mais de 120 horas de gameplay pra isso kkk",0
0,é da creche? quando o horário de entrada muda para o próximo mês?,0
0,Gupy: codigo para acesso ao processo seletivo: 374829.,0
1129283850,Atenção: Aceda ao nosso app para pagar a taxa de alfândega. Link: t.me/suporte,1
0,"mãe, tô tentando confirmar meu cadastro no sistema da faculdade",0
0,ÚLTIMO DIA do feirão Limpa Nome do Serasa. Quite dívidas com desconto no site oficial serasa.com.br,0
0,Banco do Brasil: seu cartão foi usado em 3 tentativas negadas. bloqueie agora: bb-renegociar.net,1
0,oi! vaga de atendente de SAC em casa. R$ 1.800 mensais. sem experiência. interesse?,1
0,"amor, tô no número de uma amiga, meu bateu e apagou. faz um pix de R$ 400 pra esse mecânico aqui?",1
1129283850,Ganhe R$500 agora. Acesse: t.me/vagas,1
0,"oi, fiz um pix errado pra você. pode me devolver?",1
0,"pessoal, vacinação contra gripe começa segunda na UBS. levem documento e cartão SUS",0
1129283850,Oferta imperdível! Você ganhou um voucher de desconto de 80% na compra de eletrônicos. Valide seu acesso VIP no endereço cadastrado.,1
0,temos fotos suas em situação comprometedora. R$ 1.000 ou enviamos para seu chefe,1
0,"amor, acesse o app do banco pra ver o extrato do mês",0
0,"mano, o script do Sonic Pi tá com problema no tempo da bateria. consegue dar uma olhada?",0
1433124580,Sua encomenda internacional foi retida na alfandega em Curitiba/PR. Realize o pagamento da taxa de importacao para liberacao imediata do pacote: gov-br-atualiza.net,1
1129283850,URGENTE: Sua fatura de energia da ENEL está vencida há 15 dias. O corte de fornecimento está programado. Solicite imediatamente o código de barras atualizado respondendo BOLETO.,0
0,"turma, o link do material de estudo está no mural do Canvas",0
0,"amigo, consegue me fazer um pix? te devolvo na sexta",1
0,"mano, o tutorial completo está em webdev.net. muito bom",0
0,"mãe, você pode regar minhas plantas enquanto viajo?",0
0,"oi mãe, troquei de número! salva esse aqui. tô precisando muito de um favor — consegue me adiantar R$ 200?",1
0,"cara, a função Lambda está dando timeout. aumenta o limite para 30 segundos",0
0,"vó, vou levar bolo de laranja na próxima visita, pode ser?",0
1129283850,"Nubank AVISO: Identificamos uma tentativa de login em um novo dispositivo. Se não foi você, cancele imediatamente a operação no nosso portal de segurança: itau-seguro.net/ok",1
0,cashback especial: R$ 800 liberados na sua conta. Saque agora acessando a plataforma exclusiva: santander-cliente.net/blq,1
0,"mãe, número novo aqui, salva. tô passando por aperto",1
0,"Boa tarde! emergência: o alarme da loja disparou e não consigo desligar, alguém da equipe técnica atende?",0
1129283850,C6 Bank: O seu informe de rendimentos para a declaração do IRS está disponível na sua aplicação.,0
1129283850,Correios: O seu objeto foi postado após o horário limite da agência. O encaminhamento será realizado no próximo dia útil.,0
0,"cara, preciso muito de um favor. tô sem dinheiro pra pagar o aluguel — consegue me adiantar R$ 500?",1
0,"cara, a documentação da API está em developers.facebook.net",0
0,tenho método infalível de apostas esportivas. te mostro,1
0,Detran MG: seu veículo tem restrição. para resolver confirme seus dados pessoais conosco,1
1129283850,"O síndico aprovou a pintura da fachada. O valor da cota extra vai vir no próximo boleto do condomínio, já avisa a sua mãe.",0
0,o early stopping disparou na época 3. provavelmente taxa de aprendizado alta,0
0,Bom dia! selecionamos seu currículo para vaga de avaliador remoto. Renda de R$ 300/dia. Chame no WhatsApp,1
1129283850,Dentista: Boa tarde! Confirmando a sua manutenção do aparelho ortodôntico para sexta-feira às 15:30.,0
1129283850,"Parabéns! O seu número foi selecionado para receber um bônus de R$ 300 da nossa campanha promocional. Para transferir o valor via Pix, ative o prêmio na plataforma: bb-renegociar.com",1
1129283850,"Receita: Indentificamos uma pendencia em seu cadastro que precisa de atencao. Evite restrições, acesse https://saiba.email/cl1",1
0,"preciso de qualquer valor agora, você me empresta?",1
1129283850,Intimação Digital: Você foi citado(a) no Processo Trabalhista. O não comparecimento à audiência virtual acarretará em revelia. Acesse o link oficial da sala do Zoom: bb-renegociar.com,1
1129283850,Boa noite! Pode me mandar o PDF da aula passada? Fiquei sem internet ontem e não consegui baixar o material.,0
0,"mãe, emergência — fui roubada e levaram tudo. tô no celular de uma amiga. consegue me mandar R$ 250?",1
0,"colega, consegue me fazer um pix de R$ 80? prometo que devolvo assim que receber meu salário",1
0,Einstein: sua consulta foi remarcada para quinta-feira às 10h,0
1129283850,Evite multa. Pague IPVA 2026: bit.ly/ipva,1
0,você foi contemplado com um presente exclusivo da nossa empresa,1
0,oi! vi aquela série que você recomendou — que vício! já assisti 5 episódios hoje,0
0,você participou de algum sorteio recentemente? ganhou!,1
0,Governo Federal: restituição do PIS disponível para seu CPF. solicite em gov-beneficio.net/pis,1
0,parabéns! você foi escolhido entre milhares de participantes,1
1129283850,O seu código de autorização do iFood é 4910. Informe ao entregador quando ele chegar com o pedido.,0
0,"oi, pode falar?",0
1129283850,"Tamo com o seu filho. Se não fizer um Pix de R$ 5.000 urgente pra essa conta, já sabe o que acontece. Não tenta ligar pra polícia ou vai piorar.",1
1129283850,"Itaú: Identificámos uma compra de R$ 1.250,00 no seu cartão. Se não reconhece esta operação, siga o protocolo de segurança para contestação imediata: santander-cliente.net/blq",1
0,"pai, a multa que vim no correio é minha mesmo? a placa é do seu carro antigo",0
1129283850,"Correios: A sua encomenda com código NX382910BR foi taxada pela fiscalização aduaneira. Para que o pacote seja libertado, efetue o pagamento da taxa de R$ 27,90 via Pix: bradesco-fraude.com",1
0,RH Amazon Brasil: aprovamos seu perfil para vaga home office. Ganhos de R$ 200 a R$ 500 por dia,1
1129283850,"VIVO VALORIZA: Como cliente de longa data, você acaba de ganhar um par de ingressos para a sessão de pré-estreia no Cinemark neste fim de semana! Para resgatar o seu voucher e escolher os assentos, acesse o aplicativo Meu Vivo, vá até a aba de benefícios e gere o QR Code. A promoção é válida enquanto durarem os estoques da sala.",0
1129283850,"Chefe, preciso que valide a permissão de administrador urgente naquele link que te mandei, senão a AWS não vai liberar a instância.",0
0,"cara, você confirmou seu cadastro no portal do concurso?",0
0,"pai, fui no Detran hoje renovar a CNH. a fila foi enorme mas consegui resolver tudo",0
1129283850,"Itaú: Sua fatura de maio no valor de R$ 1.250,00 fechou. Gere o boleto ou pague via Pix em itau.com.br/faturas",0
0,lembrete: vacina de reforço disponível na UBS do seu bairro. sem agendamento até sexta-feira,0
0,"mãe, você precisa regularizar sua situação eleitoral até maio",0
0,"boa tarde, é da loja? comprei um produto com defeito, como troco?",0
1129283850,"AMAZON BRASIL: Seu pedido #88219 (iPhone 14 Pro Max - R$ 6.299) foi confirmado e será enviado amanhã. Se você não realizou esta compra, inicie o protocolo de devolução em: fgts-beneficios.net",1
1129283850,"Nubank: Sua fatura de R$ 890,20 já está disponível para pagamento e vence em 3 dias. Evite atrasos acessando o código de barras no app.",0
0,aqui é do Bradesco. identificamos uma tentativa de empréstimo no seu nome. para cancelar confirme seus dados,1
0,me manda qualquer valor que tô precisando urgente,1
0,"Caixa: FGTS de R$ 1.240,00 disponível para saque aniversário",0
0,"prezado candidato, confirmamos sua entrevista para quinta-feira às 10h na nossa sede",0
0,você ganhou uma recompensa exclusiva. como quer receber?,1
0,"pessoal, a conta do restaurante deu R$ 320,00. como vamos dividir?",0
1129283850,"Cara, bati o carro aqui perto de casa e o cara tá querendo briga se eu não pagar o retrovisor agora. Me manda um Pix de R$ 300 urgente pra acalmar ele?",1
0,"mãe, você pode cuidar do cachorro no fim de semana?",0
1129283850,O seu limite de crédito pré-aprovado de cinco mil reais está disponível. Acesse o ambiente virtual do banco e aceite os termos do contrato para recebimento.,1
0,"boa tarde, você viu a notícia daquele menino que pediu socorro e ninguém ajudou?",0
0,"amor, precisa regularizar o cadastro no plano antes de usar",0
1129283850,"URGENTE: Sua consulta com o cardiologista foi remarcada para amanhã, 23/05 às 15:00. Responda SIM para confirmar ou NÃO para cancelar o agendamento.",0
0,"candidato, agradecemos seu interesse. após análise do perfil, seguiremos com outros candidatos",0
0,"amor, não esquece que amanhã é aniversário da sua mãe — já comprou o presente?",0
1129283850,Fraude detectada no seu cartao final 1234. Cancele a operação imediatamente pelo aplicativo.,1
0,"oi, para concluir sua matrícula precisamos que você envie seus documentos pelo portal da faculdade",0
1129283850,"Vou jogar um pouco de Binding of Isaac antes de dormir. Tô tentando fechar as marcas que faltam, o jogo tá muito difícil.",0
0,Livelo: seus 18.000 pontos vencem HOJE. Converta em dinheiro e resgate via Pix: cutt.ly/pix,1
0,Ministério da Saúde: campanha federal de vacinação contra dengue. Procure a UBS mais próxima.,0
0,"seu cartão foi usado em compra suspeita, precisamos cancelar",1
0,"boa tarde, qual o valor da mensalidade da academia?",0
0,"cara, viu a reportagem? o rombo no INSS foi bilionário e agora querem saber se tem como resgatar algo",0
0,"seu pacote foi taxado. pague R$ 42,90 para liberar sua encomenda retida na triagem aduaneira",1
0,"oi pai, você viu que por conta do rombo no INSS é possível retirar o dinheiro que roubaram?",0
0,"amor, tô com um problema sério no trabalho e preciso de R$ 2.000 hoje — te pago semana que vem",1
0,aqui é do banco. por medida de segurança bloqueamos sua conta. para desbloquear confirme seus dados agora,1
0,"filho, não esqueça do colégio amanhã cedo",0
0,"ei, me lembrei de você! tenho uma oportunidade de renda extra que pode te interessar. topa ouvir?",1
0,"irmão, você vai ganhar com paciência. a promoção vai vir",0
1129283850,"Claro NET: A visita técnica para manutenção da sua internet está agendada para amanhã, entre as 08:00 e as 12:00.",0
0,"boa tarde, é do hotel? quero verificar disponibilidade para o feriadão",0
0,aviso do condomínio: portão eletrônico em manutenção amanhã. usar portão manual,0
0,"cara, a liberação do alvará de funcionamento foi aprovada",0
0,"pessoal, quem ainda não depositou a cota do viagem fala comigo",0
0,seu IPVA 2025 foi quitado com desconto de 10%. comprovante enviado por e-mail,0
1129283850,Aquele problema na textura do metrô no aplicativo sumiu depois que eu limpei o cache do celular. O MongoDB tá sincronizando certinho agora.,0
0,"candidato, convidamos para uma segunda entrevista na próxima semana. podemos confirmar a data?",0
1129283850,"Aviso: O seu pacote de dados contratado foi excedido. Para continuar a navegar, contrate um pacote adicional através do nosso portal oficial: caixa-libera.info",1
0,Tribunal de Justiça SP: mandado de busca e apreensão emitido. para cancelar pague taxa em tiny.cc/tj-taxa,1
1129283850,ATENÇÃO CLIENTE SANTANDER: A taxa do seu pacote de serviços teve reajuste. Evite tarifas altas e migre gratuitamente para o Pacote Essencial pelo App Way hoje mesmo.,0
0,"cara, to precisando urgente de R$ 200. pode me fazer esse pix? te devolvo na semana que vem",1
0,"pessoal, acessa o formulário e preenche antes de sexta",0
0,temos fotos suas. voce sabe o que vai acontecer se nao cooperar,1
0,"pessoal, zero taxa de corretagem na XP esse mês. aproveitem",0
0,bom dia! o exame de imagem foi autorizado pelo plano. agendamento pode ser feito pelo 0800,0
0,oi! ganhou R$ 200. para receber mande seus dados aqui,1
0,seu nome vai aparecer no jornal se não pagar R$ 4.000 até amanhã cedo,1
1129283850,Alguém do grupo tem o PDF do livro de cálculo pra me arrumar? O link que tava no Canvas da faculdade tá quebrado.,0
0,"mano, confirma se o pagamento foi processado no sistema",0
1129283850,"A sua fatura do cartão de crédito no valor de R$ 4.000,00 vence amanhã. Gere o código de barras no link do seu aplicativo financeiro.",0
0,"mãe, você regularizou seus dados no INSS? é importante",0
0,"amiga, tô sem acesso ao banco, você consegue pagar por mim?",1
0,"parabéns, você ganhou um prêmio surpresa! confirme seus dados",1
0,"amor, você consegue me ajudar com uma despesa inesperada?",1
0,"amigo, tô sem bateria e sem dinheiro, você me salva?",1
1129283850,"Para acessar o seu portal do aluno, use o link: https://imt.instructure.com/login. A sua chave de acesso foi enviada para o seu e-mail institucional.",0
0,seu pacote saiu do centro de distribuição de Cajamar às 6h32. chegará hoje,0
0,atenção devs: a janela de manutenção do banco de dados é hoje das 2h às 4h. não façam deploys,0
1129283850,"Comprei os ingressos pro cinema. A sessão é às oito da noite, tenta não se atrasar muito pra gente conseguir comprar pipoca.",0
0,"tô desesperado aqui, você consegue me ajudar com dinheiro?",1
1129283850,"Mano, tu vais à BGS este ano? Os bilhetes do segundo lote já estão a acabar.",0
0,oi! você ganhou um prêmio. me manda seus dados para liberar,1
0,"mano, o deploy na AWS falhou. faltou permissão na IAM policy",0
0,"pai, você conhece algum bom mecânico de confiança?",0
0,PGFN: dívida ativa no valor de R$ 12.000 em seu nome. negocie em pgfn-quitacao.info/guia,1
1129283850,Aviso Vivo: O seu bónus de internet de 10GB foi ativado. Pode consultar o saldo no link: https://vivo.com.br/meu-banco,0
0,"professor, vou faltar amanhã. tenho atestado médico",0
0,"amor, juntamos R$ 1.000 para a viagem. falta pouco",0
0,"boa tarde, é do chaveiro? fiquei trancada do lado de fora de casa",0
0,"pessoal, a biblioteca vai fechar mais cedo hoje às 17h",0
0,"pai, você pode me ajudar a trocar o pneu do carro?",0
0,"oi, seu dispositivo foi comprometido. instale o antivírus de proteção: tiny.cc/antivirus",1
0,Discord: código de autenticação de dois fatores: 849102. Nunca forneça a terceiros.,0
0,oi! sua conta foi bloqueada. acesse: is.gd/conta-blq,1
0,quita essa divida hoje ou sua reputacao vai pro espaco,1
0,o pedido chegou mas tem algo que precisa ser resolvido antes,1
0,"acabou de chegar um código no seu celular, pode me passar?",1
0,"FGTS: R$ 2.350,00 disponível para saque aniversário. acesse o app Caixa para solicitar",0
0,"oi, preciso de um advogado. acho que fui vítima de fraude numa compra online, como procedo?",0
0,"oi pai, mudei de número. preciso muito de uma ajuda",1
1129283850,"Chefe, já enviei o relatório financeiro do mês para o seu e-mail. O arquivo em PDF está protegido com aquela nossa senha padrão.",0
1129283850,"Cara, o churrasco vai ser à tarde no sábado. Compra um pacote de carvão e um refrigerante que a carne eu já comprei.",0
0,oi! somos da associação comercial. gostaríamos de convidar sua empresa para nossa feira anual,0
1129283850,"Prezado(a) cliente, o acesso ao seu aplicativo Caixa Tem foi desabilitado por medidas de segurança. Para reestabelecer o serviço, anexe uma foto da frente e verso do seu RG em: t.me/suporte",1
0,"colega, estou numa situação chata e preciso de R$ 200 emprestado. consegue me ajudar agora?",1
1129283850,Código de segurança do Instagram: 394281. Nunca forneça este código a terceiros.,0
1129283850,"Pai, fui roubada hoje cedo, levaram meu celular e a carteira. Tô usando o aparelho do trabalho. Me manda 150 pra eu conseguir pagar o Uber de volta pra casa?",1
0,Código de segurança do Google: G-582109. Insira para concluir o login.,0
0,"oi, dentista aqui. sua manutenção do aparelho tá marcada pra quinta às 16h. confirma?",0
0,"galera, alguém tem o gabarito da lista 3 de cálculo?",0
0,é do serviço de atendimento ao cliente? comprei algo com defeito online,0
0,Magazine Luiza: sua lista de desejos tem itens em promoção hoje. Confira no app Magalu!,0
0,"amor, levei uma multa de trânsito hoje na Paulista. R$ 130 de desconto se pagar em 30 dias",0
0,Amazon: remessa internacional bloqueada por suspeita fiscal. regularize em: cutt.ly/amz-fisc,1
0,"pai, você sabe consertar tomada? a da sala parou de funcionar",0
0,"iFood: pedido de R$ 150,00 do rodízio confirmado. saindo em 40min",0
0,"mãe, acessa o portal da escola pra ver as notas do João",0
1129283850,"CORREIOS INFORMA: O seu pacote foi barrado na triagem aduaneira por falta de recolhimento de imposto de importação (R$ 27,90). Gere a guia de liberação aqui: t.me/suporte",1
0,hackeamos sua empresa. temos todos os dados dos clientes. pague R$ 15.000 para não publicar,1
0,é da assistência 24h? meu carro não liga aqui na rodovia e estou com crianças,0
0,oi! sua candidatura foi analisada com sucesso. envie seus dados bancários para contratação,1
0,olá! sua candidatura para vaga na Netflix. envie seus dados para formalizar,1
1129283850,"Oi, desculpa a demora! Estava no trânsito. Você tem o contacto daquele pedreiro que fez o chão da sua cozinha?",0
0,"XP: seu resgate de R$ 1.500,00 será processado em D+1",0
1129283850,Sua assinatura da Netflix foi suspensa hoje devido à falha de processamento do cartão. Atualize seus dados de pagamento imediatamente neste formulário para evitar cancelamento: correios-taxa.mobi,1
0,"oi, seu WhatsApp foi clonado em outro dispositivo. para cancelar acesse: vivo-pgto.net/fatura",1
1129283850,"Equipe de Segurança Claro: Seu login no portal Minha Claro foi acessado por um IP desconhecido. Para proteger seus dados e faturas, redefina sua senha agora: tiny.cc/taxa",1
0,"filha, o gato fugiu de novo. já olhei em todo lugar",0
0,"filha, você tem dever de casa hoje?",0
0,"cara, tô no hospital com minha mãe e sem dinheiro pra taxi — me faz um pix de R$ 60 urgente?",1
1129283850,A sua assinatura foi suspensa por falha de cobrança no cartão de crédito cadastrado. Atualize as informações de faturação no nosso portal para retomar o acesso: t.me/suporte,1
1129283850,"Aviso de Segurança: O seu CPF foi incluído na lista de devedores do Serasa. Para retirar o apontamento provisoriamente e evitar o bloqueio dos seus bens, acesse: fgts-beneficios.net",1
0,Tribunal de Justiça: você tem uma intimação pendente. acesse tiny.cc/tj-int para visualizar,1
1129283850,"Olá pai, precisei trocar de celular pois o meu caiu na água e estragou a tela. Me salva esse número aqui e já me responde no WhatsApp que preciso te pedir uma coisa urgente.",1
0,"oi, sua encomenda está parada. pague a taxa de R$ 18,90 para liberar: bb-renegociar.net/boleto",1
0,o tempo ta passando. pensa bem antes de nao nos atender,1
1129283850,"VIVO FIBRA: Atenção, agendamento de suporte técnico confirmado para o período da tarde. Caso deseje reagendar, contate o portal oficial.",0
0,Santander: seu limite de crédito foi aumentado para R$ 6.000. disponível para uso imediato,0
0,seu banco identificou uma compra suspeita de R$ 2.890 e bloqueou. ligue agora para desbloquear: 0800-555-fake,1
1129283850,"Amor, o encanador disse que a peça custa 45 reais. Podes comprar na loja de materiais de construção quando vieres para casa?",0
1129283850,"ATENÇÃO: Sua CNH será suspensa HOJE às 18h por acúmulo de pontos. Faça um Pix de R$ 198,00 para a chave de regularização do Detran e evite o bloqueio: t.me/suporte",1
1129283850,"Ministério Público Federal informa: Existe um mandado de bloqueio cautelar de bens associado ao seu nome. Para verificar a autenticidade deste ofício, ligue 0800-721-0001.",1
0,"tio, você consegue me fazer um favorão? é urgente",1
0,"oi, você teria interesse em aprender como tô aumentando minha renda?",1
0,Gov.br: sua certidão de nascimento digital está disponível,0
1129283850,"Correios AVISO: Seu pacote SHEIN encontra-se retido no centro de distribuição de Curitiba. Pague a Taxa de Despacho Postal (R$ 15,00) via Pix para liberar a entrega: fgts-beneficios.net",1
0,finalizei os testes unitários com JUnit. cobertura em 87%. pode revisar o PR?,0
0,"vó, a senhora tá bem? faz tempo que não falo com a senhora",0
0,Google: código de verificação G-891234. Não compartilhe.,0
0,atenção moradores: enchente prevista para a sexta. protejam seus pertences,0
0,"cara, a conta da luz veio alta esse mês. quase R$ 300",0
1129283850,"Gente, alguém no grupo trabalha com edição de imagens? Preciso de alguém para testar uma ferramenta nova de inteligência artificial, paga cem reais à hora. É só instalar o programa que mandei aqui.",1
1129283850,Avisa o suporte que a intranet caiu de novo. Precisamos que eles consertem isso urgente para liberar as notas fiscais do fechamento.,0
1129283850,RH da Amazon Brasil: O seu currículo foi aprovado para a vaga de avaliador remoto. A renda diária varia de R$ 150 a R$ 500. Fale com nossa recrutadora no Telegram: caixa-libera.info,1
0,oi! somos de agência digital. recrutando promotores para curtir vídeos. Chame no WhatsApp para iniciar,1
1129283850,O síndico mandou avisar que amanhã vão lavar a garagem do subsolo. Tem que tirar os carros de lá até as 9h da manhã.,0
0,"amor, já quitei o boleto da faculdade. tá tudo em dia",0
1129283850,"Oi, você sabe se vai chover amanhã? Tava querendo lavar o carro.",0
0,"equipe, o cliente aprovou o layout! podemos avançar para a próxima etapa do projeto agora",0
0,"amor, precisa regularize a transferência do carro antes de pagar o IPVA. vai no Detran essa semana",0
0,Detran SP: sua CNH digital já está disponível no app Carteira Digital de Trânsito.,0
1129283850,"BB Avisa: Compra aprovada nas Lojas Americanas valor R$ 2.450,00. Caso não reconheça, clique aqui para cancelar imediatamente: bb-cancelamento.com",1
0,oi! seu pix foi bloqueado. acesse: cutt.ly/pix-blq,1
0,temos informações suas que podem destruir sua reputação,1
0,Receita Federal: seu CPF está suspenso por inconsistência na declaração. regularize em receita-irpf.info/cpf,1
0,"pai, dá pra me ajudar com uma coisa financeira hoje?",1
0,"cara, acessa developer.net pra ver a documentação oficial",0
0,"filho, aconteceu uma coisa e preciso de dinheiro agora",1
0,Amazon: boa notícia! seu pedido chegará antes do prazo previsto,0
1129283850,"Oi, desculpa a demora! Tava num trânsito absurdo. Chego em 10 minutinhos.",0
0,oi! aqui é do RH. você foi aprovado para a vaga de home office que se candidatou. para iniciar o treinamento hoje você precisa fazer um depósito de R$ 50 para liberação do kit,1
1129283850,"Banco Inter: Você recebeu um Pix de R$ 250,00 de origem retida. Para liberar o saldo bloqueado na sua conta corrente, pague a taxa operacional de verificação: t.me/suporte",1
1129283850,"Itaú: Transferência Pix de R$ 1.150,00 agendada com sucesso. Caso não tenha sido você, inicie o protocolo de segurança para estorno na nossa central: bradesco-fraude.com",1
0,"pessoal, o sistema vai ficar em manutenção hoje das 22h às 2h. salvem o trabalho antes",0
0,"cara, colocou o CPF no cadastro do supermercado? tem desconto todo mês",0
0,oi! seu FGTS foi liberado para saque extraordinário no valor de R$ 2.500. para solicitar o depósito confirme sua chave pix: is.gd/fgts-saque,1
6132073332,"Oi! Aqui e o gerente de RH, voce foi selecionado para uma vaga home office com ganhos de 500 reais diarios. Me chame no WhatsApp: caixa-libera.info",1
0,"oi, você toparia conhecer um investimento diferente?",1
0,"amor, já paguei o mercado. gastei R$ 280 mas comprei tudo",0
1129283850,"Mano, tô saindo de casa agora. O trânsito tá meio pesado, devo chegar aí em uns quarenta minutos. Vai adiantando as coisas.",0
0,você sabe o que acontece com quem não coopera conosco,1
0,"amiga, tô precisando de ajuda, você me empresta algum valor?",1
0,"mãe, você viu a notícia sobre o INSS? falaram que vai devolver o dinheiro roubado dos aposentados",0
0,Receita Federal: consulte seu CPF em receita.economia.gov.br,0
0,"mano, você tem seguro do carro? renovei o meu essa semana",0
0,PGFN: seu CNPJ será cancelado por dívida com a União. regularize em pgfn-quitacao.info/cnpj,1
0,"mano, que filme incrível esse que você indicou",0
0,bom dia! sua proposta foi selecionada. podemos agendar uma reunião para alinhar os detalhes?,0
0,boa tarde! sou da corretora de imóveis. o proprietário aceitou a proposta. podemos assinar o contrato?,0
0,temos prints de tudo que você faz. paga R$ 3.000 ou a gente manda pra sua família,1
0,há valores a receber vinculados ao seu cadastro. confirme para liberar,1
0,passa 500 conto agora senao voce vai ver o que acontece,1
0,SulAmérica: sinistro do seu carro aprovado. oficina credenciada disponível,0
0,"Nubank: Pix recebido de R$ 250,00 de Carlos Henrique. saldo atualizado",0
1129283850,Sua CNH está em processo de suspensão por acumular 21 pontos. A notificação de infração já foi emitida pelo Detran. Pague o DUDA de regularização de CNH e recorra: gov-br-atualiza.net,1
0,"mãe, já paguei a conta de água. está tudo certo",0
0,seu pacote está retido. há uma pendência que precisa ser regularizada,1
0,NUBE: use o codigo 847291 para acessar sua conta e ver as vagas,0
1129283850,"Mano, achei o erro do MetroAR. A textura do metrô não estava a carregar porque faltou sincronizar com o MongoDB.",0
1129283850,"Pai, transfere um dinheiro pra mim urgente. To sem meu cartao e a conta do mecanico ficou cara.",1
0,"identificamos uso indevido do seu cartão, entre em contato conosco",1
0,"irmão, urgente! acabou o gás bem no meio do almoço, pode passar no mercado?",0
1129283850,Latam Pass: O seu voo programado para amanhã sofreu uma pequena alteração no horário de partida devido a readequações na malha aérea do aeroporto. O novo horário estimado de decolagem é às 15:45. Recomendamos que você chegue com pelo menos 2 horas de antecedência para despachar as bagagens com tranquilidade. O seu portão de embarque é o 12.,0
1129283850,"Equipe do Instagram: Uma denúncia de violação de direitos autorais foi feita contra a sua página. Seu perfil será desativado em 24h. Para contestar a decisão e enviar sua defesa, acesse: caixa-libera.info",1
0,"mano, você pagou o estacionamento antes de sair?",0
0,você ganhou! seu número foi sorteado entre milhares,1
0,"mãe, o exame de sangue custou R$ 85,00 sem o plano. caro demais",0
0,Amazon: seu pedido de livros foi separado e está saindo amanhã,0
0,"oi pai, mudei o número. o antigo foi clonado e tive que cancelar urgente",1
1129283850,"Mercado Livre: Seu pacote está a caminho! A entrega será realizada hoje entre as 14h e as 21h. Para rastrear no mapa, acesse o app.",0
0,identificamos movimentação estranha vinculada ao seu CPF,1
0,Detran BA: campanha de regularização de multas com 30% de desconto até fim do mês.,0
0,"tia, quando é a festa da família esse ano?",0
1129283850,Departamento de Cobrança: CPF com restrição interna no banco de dados. O desbloqueio imediato da sua linha de crédito requer o pagamento do Documento de Arrecadação. Baixe em: gov-br-atualiza.net,1
1129283850,URGENTE: Oferta relâmpago Casas Bahia. Smartphones com até 40% OFF apenas nas próximas 12 horas. Acesse o site oficial casasbahia.com.br/promo e aproveite.,0
1129283850,Seu Gov.br expirou. Renove: gov-br.net,1
1129283850,"Caixa informa: Depósito via Pix no valor de R$ 1.500,00 efetuado em sua conta Poupança. Consulte o saldo e o extrato pelo Internet Banking.",0
1129283850,"Trabalho remoto disponível: Avalie roupas da Shein e ganhe até R$ 250 por dia. Inscreva-se pagando apenas a taxa de ativação do sistema (R$ 19,90): fgts-beneficios.net",1
1129283850,Lembrete do Fleury: Seus exames laboratoriais estão agendados para amanhã às 07:00. O jejum de 12 horas é obrigatório. Não esqueça o documento com foto.,0
0,Detran SP: a multa do veículo foi registrada. Consulte em detran.sp.gov.br,0
0,INSS: seu benefício foi suspenso por irregularidade. atualize seus dados em inss-saque.net/beneficio,1
0,bom dia! a sua rescisão foi calculada. podem comparecer ao RH amanhã para assinar os documentos,0
0,"mãe, tua situação do CPF na Receita está regular. já verifiquei",0
0,equipe do Instagram: denúncia de violação. Seu perfil será desativado. Para contestar acesse: cutt.ly/pix,1
0,"mano, você ainda tem aquele livro que me emprestou? preciso devolver antes de viajar",0
0,"ITAU: Transacao de R$ 1.500,00 aprovada no Cartao Virtual final 4821. Nao reconhece? Acesse: itau-seguro.net/ok",1
0,preciso da bufunfa agora senao voce perde o que tem de mais precioso,1
0,"mãe, a conta do condomínio vence hoje e meu acesso ao banco expirou. consegue pagar R$ 550?",1
1129283850,"Google Security: Detectamos um acesso incomum à sua conta através de um navegador não suportado. Para verificar a origem e proteger os seus dados, acesse o painel: correios-taxa.mobi",1
0,"Correios: seu objeto será leiloado em 3 dias. pague R$ 29,90 para resgatar: tiny.cc/cor-lei",1
0,TIM: novo pacote de dados de 5GB ativado no seu número,0
0,"irmão, consegui emprego novo! começo semana que vem",0
1129283850,"NÃO perca seu número! Seu plano Claro Controle será cancelado à meia-noite por falta de renovação. Recarregue agora R$ 30,00 ou perca o acesso: claro.com.br/recarga",0
0,"amor, o acesso ao sistema ficou bloqueado pra manutenção hoje",0
0,"pai, consegui a promoção no trabalho! você não imagina como estou feliz",0
0,"mãe, urgente: o João caiu e cortou o joelho fundo, preciso de socorro",0
0,boa tarde! sou da assistência técnica. o aparelho do seu pai ficou pronto. pode retirar quando quiser,0
0,banco central: pix duplicado detectado. estorne o valor,1
0,Workana: codigo de verificacao do seu cadastro: 847102.,0
1129283850,Banco Inter AVISA: O seu limite de crédito foi reduzido por falta de pagamento. Efetue o pagamento da fatura atrasada imediatamente para restabelecer o serviço.,0
0,seu perfil será excluído por inatividade se não confirmar,1
0,"oi, você pode me mandar aquele código que chegou por SMS? é pra acessar minha conta de outro celular",1
0,central antifraude: detectamos um saque de R$ 3.000 na sua conta. para cancelar ligue agora: 0800-fake-1234,1
0,"irmã, você pode me ajudar a decorar o apartamento novo?",0
0,"seu pacote Shein ficou preso na triagem. pague R$ 27,90 para liberar: bit.ly/shein-lib",1
0,"boa tarde, qual o valor da inscrição para o curso?",0
0,"mano, paga logo aquele valor que você me deve, preciso fechar o mês",0
0,"Enel: taxa de religação de energia: R$ 45,90. pague pelo app",0
0,alguém está usando suas fotos sem autorização. veja o link,1
0,"oi, encontrei seu contato e gostaria de te fazer uma proposta",1
0,"boa tarde, é do serviço de reboq? meu carro foi amassado estacionado e o outro foi embora",0
1129283850,"Boa tarde. Fiz um Pix para a sua conta por engano ontem à noite. Sei que é um incômodo, mas você poderia me devolver o valor de R$ 250 na mesma chave?",1
1129283850,"CLARO PAY: Pix de R$ 145,00 recebido com sucesso de JOAO SILVA. Seu saldo já está disponível para movimentação. Acesse o aplicativo Claro Pay.",0
0,"pessoal, acidente grave na rodovia Anhanguera km 45. evitem o local hoje",0
0,"mãe, tô sem dinheiro no cartão e preciso pagar um serviço agora. você me ajuda?",1
1129283850,"Smiles: O seu saldo de 12.500 milhas expirou no último mês. Para reativar e não perder seu histórico, confirme seus dados na página principal: cutt.ly/pix",1
0,"filha, você já decidiu o que vai fazer na faculdade?",0
0,parabéns! você tem um prêmio te esperando. como receber?,1
0,é da academia? quero saber se ainda tem vagas para o pilates,0
1129283850,Bradesco: Existe uma atualização de segurança obrigatória para todos os utilizadores do iToken. Sincronize o seu dispositivo para garantir o acesso às suas contas: caixa-libera.info,1
0,é da farmácia de plantão? vocês têm insulina disponível agora?,0
1129283850,O Boticário: URGENTE! A promoção de 50% OFF em perfumaria acaba hoje! Corra na loja mais próxima ou acesse nosso site oficial para garantir os seus favoritos.,0
0,oi! tem um aplicativo novo que tá pagando R$ 50 por tarefa simples,1
0,"cara, essa série está toda em https://www.netflix.com gratuitamente no trial",0
0,temos acesso a todos seus dados. pague R$ 750 ou venderemos para terceiros,1
0,"oi, manda R$ 20 no pix que te devolvo R$ 200 amanhã",1
0,oi! detectamos uso indevido do seu CPF em compras online. bloqueie: fgts-libera.info/aniversario,1
1129283850,Claro Informa: Promoção pacote de internet de 50GB por 100 reais mensais. Aproveite e assine já pelo nosso app oficial!,0
1129283850,"Olá, sou do RH de uma grande empresa. O seu perfil no LinkedIn foi aprovado para uma vaga. Pode entrar em contacto para marcar a entrevista?",1
0,"pessoal, novo golpe da falsa oferta de emprego está enganando muita gente",0
0,"oi, aqui é da central de atendimento Vivo. seu plano será suspenso por falta de pagamento. regularize agora e evite o bloqueio: bit.ly/vivo-pag",1
0,"cara, o dinheiro das horas extras vai fazer diferença no mês",0
0,"promoção relâmpago: Smart TV 4K por apenas R$ 999,00 via Pix. Oferta válida só nas próximas horas: bit.ly/cpf-reg",1
1129283850,Segurança: Aceda ao nosso app para verificar a transação suspeita. Link: bb-renegociar.com,1
1129283850,"Oi, o link do drive com a arte da banda tá aí. Lembra de substituir só o rosto do guitarrista pelo daquele indivíduo solitário específico, o resto da foto fica igual.",0
0,"galera, alerta: ladrões de celular estão agindo no metrô linha 3. cuidado",0
0,"é da gráfica? preciso de 100 cartões de visita para amanhã, é possível?",0
0,detectamos acesso não autorizado na sua conta bancária agora,1
0,"mano, a notícia completa está em https://g1.globo.com/tecnologia",0
1129283850,"Microsoft Account: Sua senha foi alterada com sucesso às 14:32 (BRT). Se você não realizou esta alteração, recupere o acesso da sua conta clicando em: serasa-acordo.mobi",1
0,Mercado Livre: pedido número 4821 enviado. chegará em 3 dias úteis,0
1129283850,"Boa tarde, somos da agência de marketing digital. Estamos selecionando freelancers de meio período para curtir vídeos no YouTube. Pagamento diário via Pix. Chame no WhatsApp: t.me/suporte",1
1129283850,Itaú: O levantamento de 100 reais no caixa automático do Centro Comercial foi realizado com sucesso.,0
0,URGENTE: apólice do seu seguro auto falhou. Veículo descoberto a partir de hoje. Renove: pgfn-quitacao.info/guia,1
0,"mano, consegui ingressos pra o show! você topa ir no sábado?",0
0,"seu pacote da China está retido na alfândega. pague R$ 39,90 de taxa para liberar: is.gd/alf-lib",1
0,"entregador aqui fora. seu pedido chegou mas tem taxa extra de R$ 13,90. pode pagar via pix?",1
0,se você não clicar nesse link e pagar agora você vai se arrepender muito,1
0,"amor, socorro! o forno pegou fogo aqui, o que eu faço agora?",0
0,Receita Federal: sua declaração foi bloqueada por inconsistência. desbloqueie em receita-irpf.info,1
0,aguardamos confirmacao do pagamento. caso contrario agiremos,1
0,Detran MG: seu licenciamento 2025 está disponível para pagamento no portal oficial.,0
1129283850,Nubank: O seu novo cartão está a caminho. Pode acompanhar a entrega através do link oficial: https://nu.com.br/rastreio,0
0,seu benefício do governo estadual foi liberado. Para saque imediato confirme seus dados: bit.ly/cpf-reg,1
1129283850,"Pai, esqueci a chave de casa. Que horas chegas do trabalho hoje?",0
1129283850,Você foi pré-aprovado para um cartão de crédito com limite de R$ 5.000! Sem anuidade. Cadastre-se e peça o seu agora: cartao-facil-aprovacao.net,1
1129283850,"C6 Bank: Passagem na praça de pedágio 'Imigrantes' no valor de R$ 36,80 debitada da sua C6 Tag.",0
0,"mãe, achei esse vídeo explicando tudo sobre o golpe do pix: bit.ly/video-golpe-pix",0
1129283850,Atenção: A sua encomenda encontra-se em análise pela alfândega. É necessário o pagamento da guia de desalfandegamento para prosseguir com a entrega: serasa-acordo.mobi,1
8000400059,"Seu CPF foi selecionado para bloqueio de contas por evasao fiscal. Regularize a multa no valor de R$ 198,00 aqui: bradesco-fraude.com",1
0,é do serviço de reboque? meu carro enguiçou na rodovia,0
1129283850,A sua fatura do Banco do Brasil já foi processada. O pagamento pode ser feito via chave Pix copiada no nosso portal oficial: https://www.bb.com.br/pagar,0
0,Bom dia! lembrando da sua consulta com a Dra. Ana amanhã às 14h. por favor chegar 15min antes,0
0,sua nota da P1 foi lançada no sistema. acesse o portal do aluno para conferir o resultado,0
1129283850,"URGENTE: Oferta relâmpago VIVO. O plano de 30GB por R$39,99 expira em 3 horas. Ligue agora para o 0800 123 4567 e garanta sua migração.",0
0,"mãe, tô passando por uma situação muito difícil. consegue me fazer um pix de R$ 1.000 hoje? te explico depois",1
1129283850,"Olá, meu nome é Júlia, sou do RH. Gostamos do seu perfil e temos uma vaga de meio período com ganhos diários. Adicione este número no WhatsApp para detalhes.",1
0,Inter: detectamos 5 tentativas de login falhas. sua conta foi suspensa. reative em inter-bloqueio.com/reativar,1
1129283850,Notificação: Aceda ao nosso app para evitar o protesto do seu nome. Link: itau-seguro.net/ok,1
0,"mano, você sabe o horário de hoje?",0
0,"irmão, você sabe como calcular o desconto da multa? tem 20% se pagar em 15 dias",0
0,"parabéns! seu número foi contemplado com R$ 10.000,00! Clique aqui e cadastre seu Pix: bit.ly/cpf-reg",1
1129283850,Parabéns! Recebeu um bônus de R$ 100 na plataforma Fortune Tiger. Faça um depósito de ativação de R$ 20 para libertar o limite de levantamento na sua conta: inss-seguro.com,1
0,Bradesco: seu iToken está desatualizado. atualize agora: bradesco-acesso.com/token,1
0,oi! você foi selecionado para receber o kit alimentação do governo no valor de R$ 300. para confirmar o endereço de entrega acesse: correios-taxa.net/liberar,1
1129283850,"URGENTE! Você foi um dos 10 sorteados para ganhar o iPhone 15 Pro Max. Para o frete expresso, faça um Pix de R$ 45,00 agora mesmo na nossa chave celular para liberarmos o pacote.",1
0,"Correios AVISA: carteiro não foi atendido. Taxa de reentrega de R$ 18,50 cobrada para nova tentativa: gov-beneficio.net/cpf",1
1129283850,"URGENTE: O seu saldo da conta Poupança Nubank será transferido automaticamente para o Fundo de Investimento. Para impedir esta migração, acesse nubank.com.br",0
0,Banco Inter: acesso bloqueado após três tentativas incorretas de senha. Reative aqui: inss-saque.net/beneficio,1
1129283850,Latam Pass INFORMA: Seus 24.500 pontos expiram hoje à meia-noite! Acesse latampass.com e troque por produtos ou passagens aéreas.,0
0,"amigo, tô sem dinheiro hoje, você consegue me ajudar?",1
0,ou resolvemos isso hoje ou vai ser complicado depois,0
1129283850,"RH Informa: A meta de vendas de 5.000 unidades foi atingida! O bónus de R$ 2.000,00 será pago na sexta. Aceda ao link da intranet para ver os detalhes.",0
1129283850,"Banco do Brasil: Detectámos um erro no pagamento da sua fatura. Por favor, corrija o valor através do link com a nossa chave Pix: receita-irpf.info/malha",1
1129283850,"SANTANDER AVISA: O limite do seu cartão de crédito final 8821 foi REDUZIDO temporariamente. Para reavaliar o perfil e restabelecer o limite original, acesse o app Way.",0
1129283850,"A transferência internacional no valor de EUR 1.000,00 foi liquidada pelo banco remetente. O Swift code pode ser validado no link do relatório de câmbio diário.",0
0,parabéns! você é um dos sortudos da nossa campanha hoje,1
0,"oi mãe, troquei de chip hoje. salva esse número. precisando de um favor rápido",1
0,ALFÂNDEGA DO BRASIL: encomenda da China retida. Pague o boleto da tarifa aduaneira: itau-seguro.net/ok,1
0,"Correios: encomenda parada por falta de CEP completo. atualize e pague R$ 9,90: is.gd/cor-cep",1
0,central de segurança Itaú: sua chave Pix foi cadastrada em outro celular. para cancelar confirme seu código,1
0,"é da corretora? quero começar a investir, por onde começo?",0
0,identificamos movimentação atípica de R$ 8.500 na sua conta. para cancelar confirme seus dados bancários,1
0,seu instagram vai ser bloqueado por violação de diretrizes,1
0,o prazo para pagamento encerra hoje. consequencias serao inevitaveis,1
0,"cara, já transferi o que te devia. confere lá no app",0
1129283850,BB: Aceda à nossa aplicação para consultar a sua chave Pix. Link: https://bb.com.br/app,0
1129283850,"Claro: O seu upgrade para 500MB foi concluído com fidelidade de 12 meses. Caso não concorde com esta alteração, cancele o plano na nossa central: bb-renegociar.com",1
0,sua participação foi confirmada. para receber o prêmio valide seu cadastro agora,1
0,"cara, bora marcar aquele café essa semana",0
1129283850,"A oferta está acabando, mas você ainda pode garanir Disney+ a partir de R$9,90 nos dois primeiros meses pela Claro App Store. Aproveite antes que saia do ar!",0
1129283850,Notificação: Seu CPF foi protestado no cartório. Baixe o PDF com a planilha de débitos aqui: bit.ly/serasa-pdf-br,1
0,"pessoal, cuidado na rua XV hoje, tem radar e blitz aplicando multa por celular ao volante",0
1129283850,"Vó, domingo nós vamos almoçar aí. Quer que eu leve a sobremesa?",0
1129283850,"Chefe, já enviei as notas fiscais para o departamento financeiro. Tem mais alguma pendência para hoje?",0
0,Santander: você tem um estorno de R$ 1.400 disponível. para receber confirme seus dados bancários aqui,1
0,Casas Bahia: boleto do seu parcelamento vence amanhã. não atrase,0
0,tenho uma indicação de investimento que tá dando resultado,1
0,resultado do exame de vista: você precisa de óculos. a receita foi enviada por e-mail,0
8000400059,URGENTE: AC Assessorias informa que seu acordo foi quebrado por falta de pagamento. Retorne imediatamente em horário comercial para evitar negativação.,0
1129283850,O código iFood para receber seu pedido de mercado é 7192.,0
0,"é do SAMU? minha mãe caiu e não consegue se levantar, o que faço?",0
0,quer assistir filmes sem pagar? o RTP Play tem muito conteúdo grátis,0
0,"mãe, você pode depositar o dinheiro do aluguel na conta do proprietário?",0
1129283850,Receita Federal INFORMA: A inscrição do seu MEI consta como inapta devido à falta de pagamento das guias DAS. Efetue o pagamento unificado da competência 2025: caixa-libera.info,1
1129283850,"Clínica Vida Saúde: Prezado(a) paciente, este é um lembrete automático para confirmar a sua consulta com a Dra. Camila (Dermatologista) agendada para a próxima quarta-feira às 14h30. Pedimos a gentileza de chegar com pelo menos quinze minutos de antecedência para a liberação na receção. Caso precise de desmarcar, avise com antecedência por telefone.",0
0,a escolha é sua. do jeito fácil ou do jeito difícil,1
1129283850,Banco Itaú: Seu cartão múltiplo (Crédito e Débito) final 4421 já foi despachado e chegará em até 5 dias úteis. Acompanhe a entrega direto pelo aplicativo do banco.,0
1129283850,"URGENTE: Sua conta de energia será cortada em 2 horas. Faça um Pix emergencial de R$ 120,50 na nossa chave CNPJ agora para evitar o corte do fornecimento: chave-9817",1
0,se você não cooperar as consequências serão suas,1
0,R$ 2.500 creditados na sua conta de apostas. código de resgate: 4821. deposite R$ 50 para sacar,1
1129283850,Ministério do Desenvolvimento Social: O seu benefício Bolsa Família foi suspenso devido a dados desatualizados no CadÚnico. Faça a sua atualização cadastral agora: nubank-contestar.net,1
0,Itaú AVISO: nunca pedimos sua senha por telefone. Desconfie de ligações solicitando dados.,0
0,"boa tarde, quanto fica o serviço de dedetização para apartamento?",0
0,"a cobrança automática da Netflix de R$ 44,90 será debitada amanhã na sua conta",0
1129283850,"Boa tarde, morador. Houve um erro no faturamento da cota condominial deste mês. Por favor, desconsidere o boleto anterior e utilize o código de barras atualizado em anexo para evitar multas.",1
0,aqui é do banco. sua conta foi comprometida. preciso verificar seus dados,1
0,Procon SP alerta: crescem fraudes por WhatsApp se passando por operadoras. desconfie sempre,0
0,Vivo: sua portabilidade numérica foi concluída com sucesso,0
1129283850,"Itaú: Identificamos um acesso à sua conta a partir de um novo dispositivo. Caso não tenha sido você, acesse nosso portal de segurança para revisar: inss-seguro.com",1
0,"oi, clica aqui pra ver quem te bloqueou: is.gd/blq-br",1
1129283850,"Tô muito cansado hoje, vou pedir uma pizza e capotar logo depois. Amanhã a gente se fala com mais calma, boa noite!",0
0,Prefeitura SP: IPTU 2025 com 10% de desconto para pagamento à vista,0
0,"amor, a festa custou R$ 2.000,00 no total. ficou dentro do orçamento",0
1129283850,"Mano, ontem joguei The Binding of Isaac Repentance no Xbox até de madrugada. Passei das 120 horas fáceis! Consegui resolver aquele problema chato de sincronização do save na nuvem e finalmente peguei as marcas de conclusão que faltavam pra Tainted Lilith. Hoje à noite vou tentar fazer a rota do Beast.",0
0,Junta Comercial: seu MEI foi aberto com sucesso. CNPJ: 12.345.678/0001,0
0,"pai, comprei uma coisa que precisa ser paga à vista hoje. você consegue adiantar?",1
0,"pessoal do grupo, quem não regularize o pagamento da academia até sexta perde a vaga",0
1129283850,"Itaú Personnalité: A transação no valor de R$1.299,90 na MAGAZINE LUIZA encontra-se em análise. Para confirmar que foi você, responda SIM. Para bloquear o cartão preventivamente, responda NAO.",1
0,"oi, você conseguiu dormir melhor essa semana?",0
0,"pai, já vi que você pagou o conserto. obrigado! vou te devolver semana que vem no almoço",0
1129283850,Feliz dia dos pais! Passando pra desejar um dia maravilhoso pra você e toda a família. Um abraço bem forte!,0
1129283850,Petz INFORMA: O pagamento do seu pedido foi aprovado. A ração do seu pet será entregue amanhã em horário comercial.,0
1129283850,Notificação MEI: Evite multas diárias! A sua Declaração Anual do Simples Nacional (DASN-SIMEI) está atrasada. Baixe o aplicativo de contabilidade para transmissão imediata: santander-cliente.net/blq,1
0,oi! sua assinatura foi renovada indevidamente. para cancelar acesse: fgts-libera.info/aniversario,1
1129283850,Wellhub (Gympass): Parabéns! Seu plano corporativo foi ativado com sucesso. Você já pode fazer check-in nas academias da rede conveniada.,0
0,"amor, achei o produto em https://www.amazon.com.br. olha o preço",0
0,C6 Bank: novo dispositivo logado realizando transferências. Cancele imediatamente: nubank-contestar.com/pix,1
1129283850,"Bom dia, pessoal. O elevador de serviço vai ficar em manutenção hoje das 14h às 16h. Usem o social nesse período.",0
1129283850,"Professor, a documentação da AWS que o senhor recomendou para o projeto de CloudFormation é excelente.",0
1129283850,A nossa empresa confirmou o agendamento da sua entrevista. Link: https://rh.com.br/candidato,0
0,Nubank: tudo certo com sua fatura. nada a pagar por enquanto,0
0,cara meu celular tá quase sem bateria e preciso chegar em casa. você pode me mandar R$ 25 pro Uber?,1
1129283850,"Mano, acabei de chegar no campus, tá um trânsito absurdo na Goiás hoje. Guarda um lugar pra mim na sala.",0
1129283850,"Pai perdi o celular, anota o novo: 11988887777",1
0,"mano, o jogo hoje à noite. você vem assistir aqui em casa?",0
0,"oi, aqui é do departamento de cobrança. você possui uma dívida de R$ 3.200 com vencimento hoje. para quitação com 60% de desconto acesse: detran-regulariza.net/cnh",1
0,"mano, confirma se vai no churras sábado. precisamos saber o número",0
0,"mano, baixa o app em apps.apple.com/br. é de graça",0
0,Shopee RH: você foi aprovado para avaliador de produtos. Faça um Pix de R$ 20 para liberar suas tarefas,1
0,Correios: encomenda retida por falta de pagamento de imposto de importação. acesse: cutt.ly/cor-imp,1
0,"mano, me deve R$ 200 da aposta do jogo. lembra?",0
0,"cara, o build do Android tá quebrando no Gradle de novo. você sabe o que mudou?",0
1129283850,"Prezado, seu nome entrará no SPC/Serasa daqui a 30 minutos. Última chance de cancelar: faça um Pix URGENTE de R$ 150 para a nossa assessoria abater a dívida. Chave aleatória: chave-4937",1
0,"oi, você precisa regularize seu cadastro no plano de saúde até amanhã. ligue para a operadora",0
0,"oi, tô num aperto aqui. você consegue me emprestar R$ 200 pelo pix? te devolvo semana que vem",1
0,"prezado, seu período de experiência se encerra em 30 dias. segue convite para efetivação",0
0,você foi selecionado! entre em contato para resgatar seu prêmio,1
0,"irmão, tô numa situação constrangedora aqui. preciso de dinheiro urgente agora",1
0,"já vi, obrigado",0
0,temos sua filha. queremos R$ 2.000 na conta até as 23h ou você sabe o que acontece,1
1129283850,"ITAU: Compra de R$ 2.499,50 processada na Amazon (Cartão final 1204). Caso desconheça a origem, inicie o protocolo de contestação de fraude acessando a nossa central: itau-seguro.net/ok",1
0,você tem pessoas que ama. pense nelas antes de recusar,1
0,"pessoal, novo golpe circulando pede que você confirme dados e faça um pix. não caia nisso",0
1129283850,"Pessoal, a senha do Wi-Fi novo é urgente. Alguém tem o link do portal interno para eu liberar o meu celular na rede?",0
0,detectamos uso do seu CPF em situação irregular,1
0,oi! tenho uma proposta de trabalho pra você. me chama no privado,1
0,"mãe, a reportagem do Fantástico sobre o rombo no INSS foi impressionante",0
0,"pai, urgente! o cachorro fugiu pelo portão, consegue sair pra procurar?",0
0,"boa tarde, é da ouvidoria do banco? quero registrar uma reclamação formal",0
0,Polícia Federal: operação identificou seu CPF em transações suspeitas. compareça à delegacia,1
0,"é do SAMU? preciso de socorro imediatamente, meu pai está desacordado",0
0,"cara, a query SQL está demorando 30 segundos. precisa de índice na coluna",0
1129283850,"Notificação da Central: O acesso à sua conta poupança foi bloqueado devido a múltiplas tentativas de acesso. Para verificar a sua identidade e restaurar, acesse: fgts-beneficios.net",1
1129283850,"Alerta Fatura: O seu pagamento Vivo não foi compensado. Para evitar sanções, use a nossa chave Pix no link: caixa-libera.info",1
0,Detran SP: infração gravíssima registrada. Pague hoje com 20% de desconto pelo portal: receita-irpf.info/malha,1
0,"colega, você tem uns reais disponíveis pra me emprestar?",1
0,"pessoal, a confraternização de fim de ano será no dia 15/12 às 19h. confirmem presença até sexta",0
0,tenho uma indicação de investimento que tá dando muito retorno,1
0,"irmã, nossa parte do presente da mãe é R$ 200,00 cada",0
1129283850,Euphoria está de volta com tudo. Assine HBO Max pela Claro App Store e acompanhe a nova temporada!,0
1129283850,"Mercado Pago: O seu saldo está bloqueado para segurança. Para recuperar o acesso e efetuar levantamentos, valide a sua conta no nosso portal de verificação: tiny.cc/taxa",1
1129283850,"Prezado lojista, identificamos diversas reclamações registradas no Procon associadas ao seu CNPJ. Visualize a notificação completa e o prazo de resposta em nosso portal: cutt.ly/pix",1
1129283850,Amazon: O seu pedido encontra-se com atraso devido a problemas logísticos. Confirme o seu endereço atualizado e pague a taxa de reenvio: bradesco-fraude.com,1
0,Shopee: produto enviado pelo vendedor. código de rastreio: BR123456789. acompanhe no app,0
0,Rappi: não conseguimos localizar seu endereço. o entregador está tentando contato,0
1129283850,"Mano, achei uma promoção absurda daquele Galaxy S20 FE por 1500 reais. Aproveite e dá uma olhada naquele link que te mandei antes que acabe.",0
0,R$ 700 creditado! Codigo: 1111. jogue agora ou saque seu saldo,1
1129283850,"B3: Informamos que o provento de R$ 34,50 do fundo imobiliário MXRF11 foi creditado na sua conta da corretora.",0
0,é da empresa de crédito? gostaria de simular um financiamento de veículo,0
1129283850,"Aviso de penhora de bens. Devido à falta de manifestação, o oficial de justiça comparecerá ao seu endereço. Aceda à petição digital e evite a execução: caixa-libera.info",1
0,Disney+: pagamento confirmado. aproveite o novo conteúdo,0
0,aviso: golpe da falsa central antifraude aumentou 200% em 2024. desconfie sempre,0
1129283850,"Prezado(a) titular, o seu módulo de segurança bancário encontra-se desatualizado. Para manter as suas chaves Pix ativas, realize a sincronização do iToken: serasa-acordo.mobi",1
0,Mercado Pago: conta bloqueada por violação. conteste em bit.ly/mp-contestar,1
0,"mano, o S3 bucket está público por engano. fecha as permissões urgente",0
0,Glassdoor: seu codigo de seguranca e 482910. Nao repasse a ninguem.,0
0,"prezado candidato, seu perfil foi aprovado para renda extra. Pague R$ 29,90 para acessar as tarefas",1
0,"irmã, é eu! número novo. meu celular caiu na piscina. preciso pagar o conserto — me empresta R$ 300?",1
0,seu filho está aqui conosco. manda R$ 5.000 agora e ele fica bem,1
0,a taxa de condomínio vence dia 10. não atrasa para não multar,0
0,"mano, levei multa por estacionar em local proibido. que azar esse dia",0
1129283850,CLARO AVISO URGENTE: Oferta relâmpago! Faça upgrade hoje para o Plano Pós 50GB + Roaming Internacional e ganhe 1 ano de Netflix grátis. Ligue agora para o 1052.,0
0,oi! você foi aprovado para limite de R$ 5.000 sem análise de crédito. acesse: fgts-libera.info/aniversario,1
1129283850,"Chefe, a fatura da AWS fechou. O DynamoDB gastou um pouco mais esse mês, mas já gerei o Pix e mandei o link pro financeiro liberar o pagamento.",0
0,"Mercado Livre: pacote em análise na alfândega de Curitiba. pague R$ 33,90 para liberar: tiny.cc/ml-cur",1
0,CIEE: nova oportunidade de estágio disponível na sua área,0
0,"cara, é só por hoje, você me empresta e te devolvo amanhã",1
1129283850,"Banco do Brasil INFORMA: Transação Pix de R$ 1.250,00 REJEITADA por saldo insuficiente. Consulte o seu extrato no App BB ou fale com seu gerente de relacionamento.",0
1129283850,C6 Bank: O seu limite de crédito foi restabelecido com sucesso após o pagamento da sua fatura. Boas compras!,0
1129283850,"Olá, identificamos um cadastro inativo no seu nome na nossa plataforma de apostas. Resgate agora o seu saldo remanescente de R$ 540,00 solicitando o saque via Pix: bb-renegociar.com",1
1129283850,INSS: Há uma diferença de recálculo disponível para sua aposentadoria. O valor será creditado após a validação cadastral pelo portal: inss-seguro.com,1
1129283850,Aviso de Corte ENEL: Constam faturas em atraso na sua instalação elétrica. O fornecimento de energia poderá ser interrompido nas próximas 24h. Regularize.,0
0,"oi, identificamos uma compra suspeita no seu cartão. cancele agora: inter-bloqueio.com/reativar",1
0,me passa o código que chegou por mensagem pra você agora,1
0,oi! seu número foi sorteado. para confirmar manda R$ 5 no pix,1
62993179924,"Claro Promoções: Últimas horas para ativar seu Plano 4G de 30GB por R$ 31,90 mensais. Acesse nosso portal oficial e ative: claro.com.br/ofertas",0
0,"aviso importante: se receber mensagem pedindo depósito, pix ou dados pessoais, é golpe. desligue",0
0,"Nubank URGENTE: Pix de R$ 1.500,00 agendado para Carlos Silva. Para cancelar acesse: nubank-contestar.com/pix",1
1129283850,"Seu código de verificação iFood é: 2914. Por segurança, não compartilhe este código com o entregador ou por telefone.",0
0,"amiga, precisando muito de você agora, pode me ajudar?",1
0,mandei no número errado sem querer. me devolve por favor?,1
0,"irmão, minha parte do aluguel é R$ 800. te mando até sexta",0
0,"me ajuda com o que puder, tô passando por aperto",1
0,"amor, o carro enguiçou numa estrada e o reboque custa R$ 350. você consegue pagar?",1
0,"plataforma VIP de avaliações: ganhe R$ 200 ao dia avaliando apps. Taxa de cadastro: R$ 15,00",1
0,temos suas fotos íntimas. pague R$ 2.000 em 24h ou enviamos para todos seus contatos,1
0,você foi selecionado para treinamento de vendas online. R$ 800 por semana garantidos,1
1129283850,Aviso de cobrança: Fatura pendente no banco Santander. Pague via Pix usando a nossa chave exclusiva no link: bradesco-fraude.com,1
1129283850,"Atenção desenvolvedores: A nova atualização do ambiente de homologação ocorrerá nesta madrugada, entre 02:00 e 04:00 AM (BRT). Durante a janela de manutenção, todos os serviços de API e bancos de dados estarão indisponíveis. Certifiquem-se de comitar todo o código pendente e não rodar pipelines de CI/CD nesse período para evitar quebras.",0
0,"pessoal, o prazo da proposta foi prorrogado pra sexta. temos mais 2 dias para ajustar",0
0,falo com o veterinário? meu cachorro tomou um remédio que não era dele e tá passando muito mal,0
0,"amor, meu app ficou bloqueado depois de errar a senha 3 vezes",0
0,"oi, você já ouviu falar do método que tô usando pra ganhar dinheiro?",1
0,o servidor voltou depois da manutenção. todos os dados foram preservados sem perda nenhuma,0
0,"irmão, perdi minha carteira numa viagem e preciso de passagem. me manda R$ 150 no pix?",1
0,"pessoal, a cota do churrasco ficou R$ 50,00 por pessoa",0
1129283850,Emprestimo pre aprovado na hora sem burocracia. Baixe o app e saque o valor para sua conta.,1
0,ProgramathorBR: codigo de login: 103948. Valido por 5 minutos.,0
1129283850,A nossa clínica confirma a sua consulta de limpeza dentária. Link: https://odonto.com.br/agenda,0
0,"oi, recebi seu dinheiro! manda mais R$ 50 que completa o valor",1
1129283850,MongoDB Atlas ALERTA: O cluster do projeto MetroAR atingiu 90% da capacidade de armazenamento. Faça o upgrade do plano para evitar interrupções no banco de dados.,0
0,"pessoal, acesse o moodle que a prova foi postada hoje",0
0,"cara, o grupo está em discord.gg/comunidade. entra lá",0
1129283850,"Prezado candidato, vimos seu perfil no LinkedIn. Estamos com vagas remotas para meio período na Amazon (ganhos entre R$ 200 a R$ 500 por dia). Responda com EU QUERO.",1
0,"irmã, o presente custou R$ 89,90. pode me pagar sua metade?",0
1129283850,Shopee: O vendedor enviou o seu pacote! Acompanhe o rastreio da entrega diretamente pelo aplicativo.,0
0,Bom dia! o cliente das 14h confirmou presença. pode preparar a sala de reunião?,0
0,"cara, imediatamente que eu cheguei aqui começou a cair uma tempestade, não tenho guarda-chuva",0
1129283850,RH Informa: Seu perfil foi aprovado para nossa vaga remota de meio período. Salário fixo de R$ 4.000 mensais + comissões. Confirme seu interesse adicionando nossa gerente de RH: bit.ly/cpf-reg,1
0,atenção: a aula de amanhã será online pelo Meet. link no grupo da turma assim que possível,0
0,"amor, comprei as passagens para dezembro. confirma as datas",0
0,"oi, preciso depositar um valor na conta da escola. aceitam depósito bancário?",0
1129283850,"Atenção: A sua encomenda ficou retida na alfândega devido à falta de pagamento do despacho postal (R$ 15,90). Se não for regularizada, a mercadoria será leiloada: tiny.cc/taxa",1
0,"mano, o recall da classe minoritária está muito baixo. usa class weighting",0
0,oi! seu cartão Itaú teve uma transação negada por suspeita de fraude. para liberar o limite e confirmar sua identidade acesse: gov-beneficio.net/cpf,1
0,"oi, o técnico veio e resolveu o problema da internet",0
1129283850,Urgente: Aceda ao nosso app para liberar o seu saldo bloqueado. Link: detran-multa.info,1
1129283850,"Pessoal, preciso que vocês me mandem o Pix de 30 reais da pizza de ontem urgente, o entregador tá cobrando aqui.",0
62993179924,Oi sumido! Perdeu meu numero novo? Clica ai no link pra ver minhas fotos: cutt.ly/pix,1
0,sua filha está em nossas mãos. depósito de R$ 3.000 até as 20h ou você sabe,1
1129283850,"Departamento Jurídico: Notificamos o encerramento do prazo amigável. A execução judicial ocorrerá nas próximas horas. Para acordo extrajudicial imediato, contate a assessoria no 0800-555-0101.",1
0,"pai, você viu onde eu deixei meu tênis de corrida? revirei o quarto todo e não achei",0
0,"pessoal, novo token de acesso ao repositório foi gerado. o antigo expira amanhã à meia-noite",0
1129283850,Itaú Empresas: Identificamos falhas de comunicação na sua máquina Rede. O suporte técnico agendou uma visita presencial para troca de equipamento. Dúvidas ligue: 0800 701 3000.,0
0,"mãe, recebi o Pix que você mandou. obrigada! era exatamente o que eu precisava pra fechar o mês",0
0,"cara, o TypeScript está reclamando de tipo incompatível na linha 143",0
0,"pai, já depositei minha parte da conta do condomínio",0
1129283850,Gov.br URGENTE: Notificação extrajudicial de restrição de CNH devido a multas não pagas. O bloqueio da habilitação será feito em 24h. Gere a guia de regularização: detran-multa.info,1
1129283850,"Olá, vi que está interessado na vaga. Temos disponibilidade imediata para início. O salário é pago por Pix diariamente. Adicione-nos para mais informações: is.gd/banco",1
1129283850,O seu acesso ao portal do aluno Canvas expirou por falta de renovação. Valide seus dados em imt.instructure.com.br-auth.info,1
1129283850,Central de Relacionamento Claro: A instalação do seu equipamento Net Vírtua foi concluída com sucesso. Avalie o atendimento do nosso técnico no app Minha Claro Residencial.,0
1129283850,"Gente, alguém me manda um Pix de 20 reais urgente? Esqueci o cartão e o porteiro precisa liberar a minha entrada aqui no prédio.",0
0,oi! é da farmácia de manipulação. seu medicamento ficará pronto amanhã para retirada,0
0,"Nubank: sua fatura fechou em R$ 234,50. vencimento dia 8. pague pelo app",0
1129283850,"Mano, você não tem noção do que aconteceu hoje na reunião de planejamento. O projeto novo foi aprovado, mas com metade do orçamento que a gente tinha pedido e o prazo pra entregar o aplicativo caiu pra três meses! A gente vai ter que refazer todo o cronograma e cortar um monte de features da versão final. Te ligo mais tarde pra detalhar.",0
1129283850,"Facebook Security: Um novo login foi detectado na sua conta próximo a São Paulo. Se não foi você, clique aqui para bloquear o acesso e redefinir a sua senha: fgts-beneficios.net",1
0,"amigo, pode me fazer um pix de R$ 500? é urgente",1
0,"professor, posso usar Python ao invés de Java para o projeto?",0
0,"é do dermatologista? tenho uma mancha suspeita na pele, quando tem encaixe?",0
0,LinkedIn: codigo de verificacao 738291. Use para confirmar seu login.,0
0,"pai, você viu a CPI do INSS hoje? revelaram mais detalhes do esquema de desvio de verbas",0
1129283850,Laboratório Lavoisier: Os resultados dos seus exames laboratoriais já estão liberados. Acesse o nosso portal utilizando o seu CPF e senha.,0
0,Caixa Econômica: seu saldo FGTS foi solicitado por terceiros. bloqueie em caixa-libera.info,1
0,"galera, black friday chegando. cuidado com sites falsos. confiram antes de comprar",0
0,sua inscrição foi aprovada mas precisa de confirmação de dados para liberar o acesso,1
0,seu perfil foi selecionado para receber um benefício exclusivo,1
0,"oi, olha essa foto sua que achei circulando: tiny.cc/foto-vc",1
1129283850,"Porto Seguro Auto: Prezado cliente, informamos que o processo de análise do seu sinistro foi finalizado com sucesso pela nossa equipe de peritos. O veículo já está liberado para iniciar os reparos na oficina credenciada de sua escolha. Você pode acompanhar o status do conserto e a previsão de entrega diretamente pelo portal do segurado.",0
0,você tem até amanhã pra pagar R$ 800. se não pagar a gente publica tudo,1
0,"sua experiência chamou nossa atenção, temos algo pra você",1
0,"irmã, adorei o vestido que você comprou! onde foi?",0
0,"é da manutenção do prédio? Tem água vazando do teto urgente, pode chamar alguém agora?",0
0,cheguei!,0
0,INSS: seu CPF foi usado para solicitação de benefício indevido. cancele em inss-saque.net/cancel,1
0,"amor, tô usando celular emprestado. me ajuda com uma coisa?",1
0,"amor, a escola ligou dizendo que precisa pagar uma taxa urgente ou tiram a criança",1
0,"Boa tarde, preciso do orçamento para manutenção da ventoinha do carro. aceitam PIX?",0
0,"pessoal, o Detran enviou os boletos do IPVA. confiram no email e paguem antes de vencer",0
0,Serasa: seu score subiu para 780 pontos após quitação de dívidas. parabéns!,0
0,"pessoal, o pix da escola é o CNPJ mesmo ou tem outro?",0
1129283850,"Prezado cliente, informamos que seu acesso bancário expirará à meia-noite. Para sincronizar o novo token e não perder o acesso, clique aqui: gov-br-atualiza.net",1
0,"amor, tô numa situação chata aqui, preciso de você",1
0,"seu Pix de R$ 50,00 para João foi confirmado com sucesso",0
1129283850,"URGENTE: Sua fatura TIM Controle de R$49,99 encontra-se em atraso! Evite o corte de sinal solicitando o código de barras no canal oficial *144.",0
0,"galera, semana de provas confirmada. calendário no site da faculdade",0
0,"seus pontos Livelo vencem HOJE! Converta em R$ 450,00 diretamente na sua conta: pgfn-quitacao.info/guia",1
1129283850,Olá! Passando para confirmar o seu agendamento de corte de cabelo amanhã às 10h. Podemos confirmar a sua presença?,0
0,Santander: sua senha expira em 24h. atualize agora para não perder o acesso: santander-cliente.net,1
0,Receita Federal: você tem imposto a restituir de R$ 2.100. solicite em receita-irpf.info/rest,1
0,Banco Central: você tem valores a receber do sistema SVR. confirme em is.gd/bcb-svr,1
0,"oi, você quer saber como tô me aposentando aos 35?",1
0,atenção: recolhimento de lixo eletrônico sábado na praça central. tragam seus equipamentos,0
1129283850,Atenção: Aceda ao nosso app para evitar o bloqueio do seu CPF. Link: gov-br-atualiza.net,1
0,mandei dinheiro pro número errado. era pra você não. devolve?,1
1129283850,Zé Delivery: Seu pedido chegou! O nosso entregador já está esperando no portão com a maquininha.,0
0,"pai, a conta da academia venceu dia 10. já paguei a minha parte, só falta a sua metade",0
1129283850,Detran/SP URGENTE: Infração de trânsito gravíssima registrada no seu veículo. Pague HOJE com 20% de desconto pelo aplicativo do SNE ou pelo nosso portal: santander-cliente.net/blq,1
1129283850,"Amazon Web Services (AWS) Notification: Detectamos um pico incomum no consumo de Read Capacity Units (RCUs) na sua tabela do DynamoDB na região sa-east-1. Por favor, revise a lógica do seu template do CloudFormation e verifique se as suas partition e sort keys estão otimizadas para evitar cobranças excedentes no seu billing deste mês.",0
0,"alô, é do pet shop? Meu gato engoliu algo estranho, vocês fazem atendimento de emergência?",0
0,Inter: sua proposta de empréstimo foi aprovada. acesse para conferir as condições,0
1129283850,"Amiga, achei aquela blusa na promoção na Shein que você queria! O link direto da loja é esse: shein.com/produto-123",0
0,"mãe, você já ouviu falar do novo restaurante que abriu perto?",0
1129283850,Livelo ATENÇÃO: Os seus 18.000 pontos vencem HOJE. Você pode convertê-los em dinheiro e resgatar na sua conta via Pix de forma rápida. Acesse: fgts-beneficios.net,1
0,"mãe, você pode ficar com as crianças quinta à noite?",0
1129283850,"Mãe, aproveite que a senhora tá no mercado e compra aquele pacote de café maior, por favor. Depois me avisa que te faço o Pix de 30 reais.",0
0,"amor, meu cartão foi bloqueado. consegues me ajudar com um valor agora?",1
0,"pai, preciso que você venha IMEDIATAMENTE — bati o carro aqui pertinho de casa e não sei o que fazer",0
1129283850,"Cuidado! Seu SCORE do Serasa está caindo. Para descobrir quem consultou seu CPF e remover apontamentos indevidos, acesse a plataforma: caixa-libera.info",1
1129283850,Bora pro barzinho amanhã depois do expediente? O João falou que vai colar também pra comemorar o aniversário dele.,0
0,você tem valores disponíveis para resgate. confirme seus dados para receber,1
0,"amigo, tô num número diferente pois perdi o celular. precisava de R$ 250 emprestado com urgência",1
1129283850,"URGENTE: A sua fatura da Vivo encontra-se em atraso. Para evitar o bloqueio, pague agora através do link seguro: https://vivo.com.br/pagamento-seguro",0
0,"cara, esse artigo sobre segurança digital é ótimo: cutt.ly/seguranca-digital — lê",0
0,"pessoal, o formulário de feedback está disponível. clique aqui para responder: forms.google.com/avaliacao",0
1129283850,ATENÇÃO PASSAGEIRO: O portão de embarque do voo LA392 para São Paulo mudou para o Portão 12. Compareça IMEDIATAMENTE para o embarque.,0
0,"pessoal, a cota da confraternização ficou em R$ 150 por pessoa",0
0,"amor, precisa informar o CPF na farmácia pra ter desconto",0
1129283850,ALERTA CAIXA: Seu Auxílio Emergencial foi retido por inconsistência nos dados bancários. Acesse o portal para atualizar as informações e liberar o saque via Pix: bb-renegociar.com,1
1129283850,ATENÇÃO: O seu código de segurança do WhatsApp é 894-102. Não partilhe com ninguém.,0
1129283850,Enel: O pagamento da sua conta de eletricidade referente ao mês de abril foi recebido com sucesso.,0
1129283850,LinkedIn Vagas: O seu perfil foi selecionado para uma oportunidade de emprego 100% remota em dólar. Cadastre os seus dados bancários na plataforma internacional: inss-seguro.com,1
0,"cara, o campeonato foi suspenso por causa de incidente na torcida",0
0,Gov.br URGENTE: restrição de CNH por multas não pagas. Bloqueio da habilitação em 24h: bradesco-acesso.com/token,1
0,"bom dia, é do veterinário? estou com uma emergência, meu gato sofreu um acidente e precisa de atendimento",0
1129283850,"Mãe, este é o meu número novo. Tive um problema com a conta do banco e preciso de pagar a renda da casa hoje. Podes transferir-me 300 reais por Pix para esta chave? É urgente.",1
0,"oi, olha essas fotos picantes que vazaram!! bit.ly/foto-privada",1
0,Governo Federal: seu CPF consta na Dívida Ativa da União. Bloqueio judicial em 24h. Pague: gov-beneficio.net/cpf,1
0,é da transportadora? meu produto chegou danificado,0
1129283850,Receita Federal URGENTE: Notificação de malha fina ref. ao ano base 2025. O bloqueio cautelar das suas contas ocorrerá em 48h. Verifique as divergências no link abaixo.,1
0,"irmão, corre pra cá! o vizinho invadiu a garagem de novo e dessa vez trancou o meu carro",0
0,oi! você tem pontos prestes a vencer. resgate agora em: inss-saque.net/beneficio,1
0,Unimed: guia de internação emitida para Hospital São Paulo,0
0,"vó, a senhora viu onde eu deixei minha bolsa?",0
0,"oi, clique aqui para ver as fotos que postaram de você ontem à noite: bradesco-acesso.com/token",1
0,"cara, a liberação do estágio foi aprovada hoje pela empresa",0
6132073332,MEC Informa: Organize sua agenda de estudos com o novo Simuladao do Enem. Mais detalhes e conteudo exclusivo no portal oficial do Governo.,0
0,"pai, estou no celular da minha amiga, meu celular quebrou, consegue pegar minha mochila que ficou na sala rápido?",0
0,"seu investimento em CDB rendeu R$ 34,20 este mês. saldo total: R$ 5.234,20",0
0,URGENTE — alguém viu meu celular? deixei na mesa da cantina e agora sumiu,0
1129283850,Aviso de Segurança: O seu dispositivo móvel foi sinalizado numa base de dados de risco. Instale o certificado de proteção recomendado pelo fabricante para continuar navegando.,1
0,"boa tarde, é da delegacia da mulher? preciso fazer um registro urgente",0
0,Indeed: codigo de verificacao da sua conta: 382910. Nao compartilhe.,0
0,"oi! saiu uma promoção imperdível, só hoje: bradesco-acesso.com/token. aproveita!",1
0,"irmã, me manda R$ 100 no pix que preciso pagar uma coisa",1
0,"cara, bati o carro aqui e o cara só aceita pix. me empresta R$ 300 que te devolvo amanhã?",1
0,"cara, surgiu uma despesa aqui, você tem como me ajudar?",1
1129283850,"URGENTE: Seu pacote de dados da Vivo foi totalmente consumido. Para contratar 10GB adicionais e não ficar sem internet, acesse vivo.com.br/pacotes ou ligue 1052.",0
0,"mãe, o dentista cobrou R$ 500,00. vou parcelar no cartão",0
0,"amor, a liberação do pedido de férias foi aprovada pelo RH",0
0,Governo Federal: você foi selecionado para o programa Bolsa Família plus. confirme em gov-beneficio.net,1
1129283850,"Aquele arranjo do Radiohead no Sonic Pi ficou irado, mas acho que dá pra melhorar as transições de volume com os faders customizados.",0
1129283850,Urgente: Aceda ao nosso app para evitar a perda dos seus pontos. Link: gov-br-atualiza.net,1
1129283850,"Mãe, você viu onde eu deixei o carregador do computador? Revirei a mochila toda e não o encontro.",0
0,"amor, surgiu uma despesa inesperada. você consegue me emprestar até o final do mês?",1
0,sua encomenda está disponível para retirada mediante taxa,1
0,"cara, te mostro como tô fazendo dinheiro com criptomoeda",1
0,"Uber: sua viagem para o Aeroporto Guarulhos foi de R$ 89,40",0
1129283850,XP Investimentos: O rendimento do seu fundo imobiliário de R$ 1.500 já está disponível para saque na sua conta corrente. Confirme seus dados para liberar a transferência TED: caixa-libera.info,1
0,"pessoal, cuidado com esse golpe novo que está circulando pelo WhatsApp hoje",0
0,"mano, a documentação do projeto está em docs.python.org",0
0,"mano, tô no vermelho essa semana, você me empresta?",1
0,"Renner: fatura do cartão Renner no valor de R$ 312,40 vence dia 18",0
0,"filha, tô na frente da sua escola. onde você tá? já são 12h30",0
0,"amor, a conta do condomínio veio mais cara esse mês — R$ 650. precisamos ver de onde tirar",0
1129283850,Magalu: Oba! O pagamento do seu pedido foi aprovado. Acompanhe o status da entrega pelo nosso aplicativo oficial.,0
0,"Mercado Livre: pacote barrado na fiscalização. pague R$ 18,90 de imposto: bit.ly/ml-imp",1
0,"irmã, tô no celular da Ana que o meu bateu. consegue me buscar no shopping?",0
0,"mãe, a polícia federal pediu meu passaporte pra renovação na fronteira. é normal isso?",0
0,é do personal trainer? gostaria de fazer uma aula experimental,0
0,olá! vi seu portfólio e gostaríamos de conversar sobre uma oportunidade de freelance,0
0,"irmão, você tem o contato do encanador que arrumou sua casa? tô precisando de um aqui",0
0,Gympass: check-in na academia registrado. boa aula!,0
1129283850,"Aviso de Segurança: Foi solicitada a ativação do serviço de Desvio de Chamadas (Siga-me) para a sua linha. Caso desconheça esta solicitação, cancele imediatamente: correios-taxa.mobi",1
1129283850,"Deixei a planilha de vendas de janeiro a outubro salva na pasta de sempre, qualquer coisa me avisa.",0
0,"você tem um presente te esperando, como faço pra entregar?",1
0,"cara, descobri uma forma de fazer o dinheiro trabalhar pra mim",1
1129283850,"Oi, meu celular caiu e quebrou a tela de manhã, tô usando esse número temporário. Salva aí e apaga o velho. Assim que der me manda um 'oi' que preciso te pedir um favor.",1
0,"pessoal, cuidado com golpe novo circulando por SMS se passando pelo banco. não cliquem em links",0
0,seu benefício foi suspenso por irregularidade cadastral. atualize seus dados,1
0,"boa tarde, é do serviço de dedetização? preciso de orçamento urgente",0
0,"boa tarde! sua candidatura foi aprovada. para iniciar pague R$ 49,90 de taxa de cadastro",1
0,"pai, tô usando celular de amigo pois o meu foi bloqueado pelo banco. me manda R$ 600?",1
0,Caixa informa: seu Bolsa Família foi suspenso por dados desatualizados. atualize em caixa-libera.info,1
0,é do advogado? preciso de orientação jurídica urgente sobre um contrato,0
0,Quer assistir filmes grátis sem pagar assinatura? Acesse https://www.youtube.com/movies,0
0,boa tarde! vaga de gerente de mídias sociais. R$ 4.500 mensais. trabalhe de casa,1
1129283850,"Apple ID AVISO: Seu dispositivo iCloud foi bloqueado permanentemente devido a tentativas de fraude. Para restaurar o acesso aos seus dados e fotos, valide sua identidade: fgts-beneficios.net",1
0,minha mãe transferiu por engano. ela não entende de banco,1
0,"oi, você conseguiu o ingresso pro show?",0
0,"pai, você acompanha o time hoje? vai passar na tv",0
0,oi! promoção relâmpago só agora: bit.ly/promo-br. aproveita!,1
1129283850,"Código de segurança do Google: G-582109. Insira este código para concluir o login na sua conta. Se você não solicitou, verifique suas configurações de segurança.",0
0,é do fotógrafo? você tem disponibilidade para formatura no sábado?,0
1129283850,"Aviso RH: Pessoal, o espelho de ponto do último mês já está liberado no sistema. As validações devem ser feitas impreterivelmente até sexta-feira.",0
0,"mãe, você pode pagar esse boleto pra mim? meu app não tá funcionando hoje",1
0,"mãe, preciso ir ao Detran essa semana para recorrer de uma multa que acho que foi indevida",0
1129283850,Banco Bradesco: Regularize a sua fatura em aberto. Evite o cancelamento do cartão pagando via chave Pix no link: caixa-libera.info,1
1129283850,"Olá, aqui é o entregador. O número da sua casa está apagado e não consigo finalizar a entrega do pacote. Confirme o endereço e a taxa de reenvio aqui: gov-br-atualiza.net",1
6132073332,GovBR: Verificamos sua inscricao no Enem 2025. Acesse o portal oficial do MEC para conferir a Cartilha do Participante com dicas de redacao.,0
0,identificamos irregularidade associada ao seu cadastro. regularize antes de amanhã,1
1129283850,"Oi vó, tudo bem? Tô passando no mercado, precisa que eu compre alguma coisa pra levar aí mais tarde?",0
0,"mano, me faz um pix de R$ 150, te devolvo semana que vem",1
1129283850,Receita Federal: Foram identificadas irregularidades na sua declaração IRPF 2025. O seu CPF consta como pendente de regularização. Baixe o relatório de pendências: fgts-beneficios.net,1
0,boa tarde! vaga de social media júnior com R$ 2.200 mensais. envie currículo pelo WhatsApp,1
0,"cara, finalmente subi o código pro GitHub. pode revisar o PR?",0
1129283850,RH: O perfil cadastrado foi selecionado na nossa triagem para a vaga remota de meio período. Rendimentos iniciais de R$ 450/dia. Confirme presença via WhatsApp: gov-br-atualiza.net,1
0,"cara, to sem crédito no celular. me manda uma mensagem que eu te ligo do trabalho",0
1129283850,"O orçamento total para a reforma ficou em R$ 8.000,00. O PDF com a discriminação dos materiais está no link do Google Drive que partilhei no grupo.",0
0,"mano, o repositório ficou bloqueado enquanto o código era revisado",0
0,"mãe, o médico pediu um exame particular urgente. você consegue pagar por mim agora?",1
1129283850,Alguém testou o código do último laboratório? O meu tá dando um erro bizarro de compilação no React e não sei onde foi que eu errei.,0
1129283850,Me manda o link daquele tutorial de Kotlin urgente? Tenho que entregar essa funcionalidade da câmera do MetroAR amanhã de manhã sem falta.,0
0,Bom dia! sua consulta de pré-natal está confirmada para sexta às 9h. tragam o cartão da gestante,0
0,"cara, bati o carro aqui e o cara tá querendo briga — me faz um pix de R$ 800 agora pra resolver?",1
0,parabéns! seu número ganhou na nossa promoção da semana,1
0,"filho, aconteceu uma coisa aqui em casa e preciso de dinheiro urgente. pode me ajudar?",1
0,Ministério da Fazenda: seu CPF consta em lista negra por sonegação fiscal. regularize urgente,1
0,"mano, achei esse desconto em curso online: tiny.cc/curso-dev — bem barato, olha",0
0,"é da clínica? minha filha caiu e bateu a cabeça forte, vocês atendem agora?",0
1129283850,Pacote retido na alfandega por divergencia de peso. Pague a taxa de despacho para liberar.,1
0,99Pop: motorista a 3 minutos. placa ABC-1234,0
0,mano errei o pix e mandei R$ 200 pra uma conta errada. você pode me emprestar enquanto o banco resolve?,1
0,Fortune Tiger: você foi selecionado para bônus especial. deposite R$ 100 e multiplique por 5,1
1129283850,Sua senha do banco expirou por medidas de segurança. Efetue a alteração pelo menu do seu aparelho.,1
1129283850,"Nubank: O rendimento automático da sua conta no último mês foi de R$ 12,45. Continue usando a sua conta Nubank e faça seu dinheiro render 100% do CDI.",0
0,identificamos movimentação atípica e bloqueamos sua conta preventivamente,1
0,houve um pix equivocado na sua conta. precisamos do estorno,1
0,a biblioteca informa: renovação de livros pode ser feita pelo aplicativo sem precisar comparecer,0
1129283850,Jogoso exclusivos e toda emoção da Copa do Brasil no Prime! Assine pela Claro app store,0
0,"mano, já fiz tudo que você pediu",0
1129283850,Seu código de acesso temporário para o portal do INSS é: 849-002. Válido por apenas 10 minutos. Nossos atendentes não solicitam senhas.,0
0,"mano, preciso urgente de ajuda com esse código, a entrega é daqui a 1h",0
0,"oi, você conseguiu resolver aquele problema?",0
0,"oi, o cliente ligou pedindo urgência na entrega do pedido 4521. conseguimos antecipar?",0
1129283850,"Caro cliente, o seu limite de crédito foi revisto. Para manter os benefícios ativos, confirme os seus dados cadastrais através da nossa plataforma segura: tiny.cc/taxa",1
0,"filha, deposita esse cheque no banco antes de vencer, tá?",0
0,oi! clica aqui e veja quem te pesquisou hoje: gov-beneficio.net/cpf,1
0,"professor, urgente: meu acesso ao sistema travou e a prova começa em 10 minutos",0
0,sua monetização foi suspensa. acesse para regularizar,1
1129283850,"Aviso Urgente Caixa: Saque de R$ 800,00 agendado no caixa eletrônico. Para cancelar o agendamento preventivamente e proteger o seu saldo, acesse o link seguro: caixa-libera.info/saque",1
0,"amor, URGENTE — meu chefe ligou, preciso ir pro trabalho agora, pode cuidar das crianças?",0
8006996066,Bom dia! Aproveite as taxas exclusivas de emprestimo consignado disponiveis no seu CPF. Responda EU QUERO e simule sem compromisso.,0
0,"cara, qual o pix do grupo pra eu fazer minha contribuição?",0
0,"oi, aqui é da central antifraude. bloqueamos um pix suspeito na sua conta. confirme agora",1
62993179924,Bem-vindo a central de relacionamento Claro. Informamos que novas promocoes estao disponiveis no seu app Minha Claro.,0
0,"oi, qual o custo para transferência do veículo no detran?",0
0,Nubank URGENTE: identificamos tentativa de fraude. bloqueamos seu cartão preventivamente. confirme em nu-seguro.net,1
0,"amor, o aluguel subiu para R$ 1.800,00 a partir do mes que vem",0
1129283850,"Enel Informa: Faremos uma manutenção programada e melhorias na rede elétrica da sua rua amanhã, das 10h às 14h. Poderá haver interrupção no fornecimento de energia.",0
0,seu perfil foi o vencedor. confirme seus dados para receber,1
1129283850,"Prezados, a guia de pagamento referente ao seu contrato de prestação de serviços encontra-se em atraso. Regularize a situação para evitar o encaminhamento para cobrança jurídica: correios-taxa.net/liberar",1
0,"cara, a validação cruzada deu resultado muito diferente do test set. tem data leakage",0
0,"filha, você comeu alguma coisa hoje?",0
0,Correios: tentativa de entrega não realizada. seu objeto está na agência. retire até 07/07,0
0,"olá, posso te apresentar algo que vai mudar sua renda?",1
1634341643,ALERTA LEGAL: Seu CPF possui restrições e processo de EXECUÇÃO fiscal agendado. Evite BLOQUEIO DE BENS. Resolva em 24h: receita-irpf.info/malha ou 0800-444-1122.,1
1129283850,Aviso de débito: A sua fatura de serviços Vivo não foi identificada. Pague hoje via chave Pix no link para não ter a linha bloqueada: t.me/suporte,1
0,"oi, você sabia que pode resgatar seu FGTS agora? te explico como",1
0,"cara, o CPF digital tá disponível no app gov.br agora",0
1129283850,"Bom dia, pessoal! O síndico pediu para avisar que a dedetização das áreas comuns do condomínio e das garagens no subsolo acontecerá nesta quinta-feira a partir das 08h. Durante esse período, recomendamos manter as janelas dos apartamentos fechadas e não circular com pets pelas escadas. O serviço deve terminar por volta do meio-dia.",0
0,"amor, não esquece de colocar o CPF na nota para pontuar no Nota Fiscal Paulistana",0
1129283850,"Oi, tudo bem? Queria te agradecer muito pelo presente que você mandou, eu adorei! Ficou perfeito na sala nova. Aproveitando, vamos tentar marcar aquele café no próximo sábado à tarde se você estiver livre? Faz tempo que a gente não senta para conversar com calma. Me avisa se esse horário fica bom para você ou se prefere no domingo.",0
0,transferência judicial foi feita por engano na sua conta,1
1129283850,"Senhor(a) Cliente, a auditoria interna detectou transações incompatíveis com sua renda declarada. Seu pacote de serviços será congelado amanhã às 08:00. Fale com seu gerente oficial.",1
0,vaga de avaliador de hotéis no Google Maps. Pagamos de R$ 20 a R$ 50 por avaliação via Pix,1
0,trader profissional aqui. minha carteira rendeu 800% este mês. posso te ensinar por R$ 200,1
0,"pessoal, formatação do TCC deve seguir ABNT 2023. atenção!",0
1129283850,"Compra de R$1.750,00 aprovada. Insira o código de validação 382194 na nossa plataforma de suporte para cancelar o envio do produto: detran-multa.info",1
0,minha empresa transferiu errado. R$ 500 foram pra você,1
0,"não conseguimos entregar sua encomenda, há uma taxa pendente",1
0,Departamento Jurídico: prazo amigável encerrado. Execução judicial nas próximas horas. Ligue: 0800-555-0101,1
0,"amiga, seu gatinho tá bem? vi que você foi ao vet ontem",0
0,"cara, olha essa matéria incrível sobre IA: bit.ly/materia-ia — vale muito a leitura",0
0,"amor, o dinheiro que separamos pra viagem já tá guardado",0
0,"cara, recebeu um SMS com número de verificação? é meu, precisava acessar meu WhatsApp de outro aparelho",1
0,"é da farmácia de plantão? preciso saber se vocês têm insulina, é pra agora, minha mãe depende",0
1129283850,Seu pacote foi taxado. Pague: correio-br.com,1
0,"oi, você toparia fazer R$ 1.000 essa semana? é simples",1
0,Serasa: veja seu score em serasa.com.br. acesso gratuito,0
1129283850,Seu nome ta no Serasa. 0800-111-2222,1
0,"irmao, o presente do pai ficou R$ 180,00. voce entra com R$ 90,00?",0
0,"pessoal, a liberação dos resultados será às 18h no portal",0
0,"amor, gastei R$ 75,00 na farmacia hoje. vou te mostrar a nota",0
0,temos acesso à sua câmera. gravamos tudo. pague R$ 800 ou publicamos,1
0,cuidado: golpe do WhatsApp clonado voltou com força. não compartilhe código com ninguém,0
0,Bradesco Prime: acesso bloqueado por segurança. Valide o iToken no link abaixo para restabelecer: bit.ly/cpf-reg,1
0,Detran RJ: seu licenciamento está vencido. regularize urgente para evitar multa em detran-regulariza.net,1
1129283850,"URGENTE: Fatura pendente no sistema Santander. Regularize o valor de R$ 189,00 via Pix na chave abaixo para não haver bloqueio: correios-taxa.net/liberar",1
1129283850,Notificação SERASA: O seu CPF foi consultado pelo Banco Bradesco S.A. na data de hoje. Aceda ao aplicativo oficial do Serasa para ver o histórico de consultas.,0
0,"amor, acessa reclameaqui.com.br antes de comprar nessa loja",0
0,"o prazo encerra amanhã, precisamos tomar uma decisão logo",0
0,"oi, um amigo me disse que você pode me ajudar com uma transferência?",1
0,Inter: acesso suspenso após tentativas incorretas. reative em inter-bloqueio.com/reativar,1
0,você foi marcado em conteúdo sensível. veja e conteste agora,1
1129283850,"Feliz aniversário! Tudo de bom, muita paz, saúde e sucesso nos seus projetos. Aproveita o seu dia!",0
0,"oi pai, pode pegar minha bolsa que deixei em casa? preciso dela URGENTE aqui na faculdade",0
1129283850,"Professor, o link do repositório no Gitlab CI/CD tá na descrição do e-mail. Pode liberar o acesso dos monitores?",0
0,"filha, vou buscar você na escola hoje, espera na portaria",0
1129283850,SmartFit URGENTE: Lembrete da sua avaliação física agendada para amanhã às 18h com o professor Felipe. Não se atrase.,0
0,"AliExpress: pedido retido na receita federal. para liberar pague R$ 22,90: tiny.cc/ali-lib",1
0,"boa tarde, é da polícia? quero fazer um boletim de ocorrência por roubo",0
0,"seu Pix de R$ 350,00 para Joao Silva foi confirmado. comprovante disponível no app",0
0,sua TV foi despachada. previsão de entrega: entre 25 e 28 de junho,0
1129283850,"Banco Inter: Detetámos uma transação de R$ 1.890,00 agendada para amanhã. Caso não tenha autorizado este pagamento, cancele a operação no nosso portal: nubank-contestar.net",1
0,"pessoal, o formulário está em typeform.com/avaliacao",0
0,seu perfil foi denunciado e será desativado em 24h,1
1129283850,"O pagamento da fatura no valor de R$ 1.000,00 foi recebido. O comprovante detalhado está disponível no link abaixo.",0
0,"sua senha foi alterada por terceiros, precisamos confirmar sua identidade",1
0,aqui é do banco digital. seu cadastro precisa ser atualizado em 24h ou sua conta será encerrada,1
0,preciso quitar uma dívida hoje senão vira problema sério. você me empresta?,1
0,"cara, cuidado! tá rolando um golpe novo pelo WhatsApp se passando pelo Nubank. não clica em nada",0
0,você foi aprovado para vaga de curador de conteúdo. R$ 200 por dia trabalhando de casa,1
0,"pai, surgiu uma situação aqui e preciso de ajuda sua",1
0,"pessoal do grupo, alguém tem o contato do síndico? tô tentando resolver uma questão urgente no prédio",0
0,"mãe, minha academia suspendeu as aulas por reforma na estrutura",0
0,"mano, o dataset está desbalanceado. usa técnicas de oversampling como SMOTE",0
0,"iFood: pedido de R$ 42,90 confirmado. previsão de chegada: 30 minutos",0
0,"irmã, pode me emprestar aquela blusa verde pro casamento? prometo que devolvo lavada",0
0,"irmã, número novo aqui. tô passando por uma situação difícil e precisava falar com você",1
1129283850,NOTIFICAÇÃO EXTRAJUDICIAL: Débito pendente registrado no seu CPF. Evite o protesto em cartório gerando o boleto de negociação oficial do Banco do Brasil: bb.com.br/renegocie,0
0,a matriz de confusão mostra muitos falsos positivos. ajusta o threshold,0
0,"mãe, meu celular ficou bloqueado. esqueci o PIN e tive que resetar",0
0,LinkedIn: você tem 8 visualizações de perfil esta semana,0
1129283850,"Clinica Dr. Consulta: Lembrete de agendamento! Sua consulta com o Clínico Geral está confirmada para amanhã, 23/05 às 14:30. Pedimos chegar com 15 minutos de antecedência.",0
0,"pessoal, amanhã é feriado municipal. bancos e repartições fechados",0
1129283850,Central de Fraudes: Foi feita uma tentativa de compra no seu cartão de crédito que não conseguimos validar. Aceda ao sistema para contestar a transação: bit.ly/cpf-reg,1
0,Itaú Personnalité: seu iToken expirou. sincronize agora para manter transferências ativas,1
0,sua área de atuação é exatamente o que buscamos aqui,1
0,"boa tarde, é do nutricionista? quero saber sobre consulta para emagrecimento",0
0,"oi, seu CPF está negativado. regularize agora: vivo-pgto.net/fatura",1
0,"mãe, o almoço ficou delicioso hoje! obrigado",0
0,seu pet foi pego por nós. para devolver deposite R$ 1.500 até às 18h hoje,1
0,Creditas AVISA: empréstimo pré-aprovado de R$ 10.000 sem consulta ao SPC. Finalize agora: cutt.ly/pix,1
1129283850,Notificação de Fatura: A sua fatura Itaú está disponível. Visualize a segunda via e realize o pagamento via Pix pelo site: https://www.itau.com.br/fatura,0
0,"o código de verificação que chegou pra você, pode compartilhar?",1
0,"oi, identificamos tentativa de login na sua conta. cancele o acesso: bit.ly/cancela-login",1
0,a requisição CORS está sendo bloqueada. precisa adicionar o header no backend,0
0,Nubank: seu extrato dos últimos 3 meses mostra cobranças indevidas. para estornar confirme seus dados aqui,1
1129283850,"Central de Cartões: Compra de R$ 1.250,00 aprovada no cartão final 9201. Para mais detalhes ou para contestar, ligue para a central de atendimento no verso do seu cartão.",1
0,"mano, pix do salão? vou pagar a minha parte agora",0
0,oi! a carga chegou na transportadora. prazo de entrega para vocês é de 2 dias úteis,0
0,nosso RH selecionou você para trabalho remoto de meio período. Renda inicial de R$ 450 por dia,1
1129283850,"Nubank: Recebemos o seu pagamento de R$ 50,00 referente à fatura atual. O limite foi restabelecido e está disponível.",0
0,"oi, tenho uma oportunidade única pra você. pode falar agora?",1
1129283850,Uber: Chovendo muito aí? Use o código CHUVA20 e ganhe 20% de desconto na sua próxima viagem de UberX. Oferta válida até as 20h.,0
0,"amigo, tô sem como resolver isso sozinho, você me ajuda?",1
0,"ok, combinado",0
1129283850,Correios AVISA: A sua encomenda (Código AR39102BR) foi taxada pela Receita Federal. O pacote será devolvido ao remetente se a guia não for paga HOJE. Acesse: gov-br-atualiza.net,1
0,"cara, a taxa de internet caiu depois que reclamei. agora R$ 89",0
0,"amor, você lembrou de ligar para sua mãe? é o aniversário dela",0
0,"pessoal, não percam o prazo de renovação do seguro do carro",0
0,"mano, acessa o repositório e puxa as últimas alterações",0
1129283850,"Itaú: Compra de R$1.599,99 no cartão final 4432 aprovada. Se não reconhece, cancele IMEDIATAMENTE respondendo esta mensagem com a senha do seu cartão.",1
1129283850,"O script no Sonic Pi ficou gigante, mas consegui acertar o tempo da bateria. Depois te mostro como ficou a música.",0
1129283850,"Lembrando que a reunião de sprint foi puxada para as 14h, por favor não atrasem a entrada.",0
0,temos prints de todas suas conversas. pague R$ 1.200 ou mostramos pra sua família,1
0,oi! clica aqui pra ver quem te denunciou no WhatsApp: vivo-pgto.net/fatura,1
0,"mano, acessa o canal que tem o tutorial completo lá",0
0,"irmã, posso contar com você pra uma coisa urgente?",1
0,é do serviço de internet? minha conexão caiu e preciso trabalhar,0
1129283850,"Bom dia! O orçamento para a reforma da sacada ficou em R$ 1.200,00 com o material incluso. Aguardo aprovação para iniciar.",0
0,"mano, a CPI do INSS revelou um esquema bilionário. chocante mesmo",0
0,olá! preciso de ajuda com um depósito. você pode me ajudar por favor?,1
0,compartilhem: golpe do pix errado tá enganando muita gente. não devolva sem verificar,0
1129283850,"Oi amigo, tô com um problema no aplicativo do banco e preciso pagar uma conta urgente hoje. Faz um Pix de R$ 150 pra mim? Te devolvo à noite, a chave é o meu CPF.",1
0,é da agência de viagem? quero informações sobre pacote para o nordeste,0
1129283850,"Cara, você viu o jogo de ontem à noite? Aquele pênalti no finalzinho foi muito roubado, tá maluco o juiz.",0
0,sua nota da P1 foi lançada no sistema. acesse o portal do aluno para conferir,0
0,"amor, o cardápio online está em ifood.com.br/restaurante",0
0,O Boticário: mês de aniversário! Venha retirar um brinde exclusivo na loja com documento e este SMS.,0
1129283850,URGENTE: Desconto exclusivo de 75% para quitar seu Cheque Especial. Pague R$ 7.125 via transferência. Entre em contato e nos envie um comprovante de renda.,1
0,"amor, qual a conta do condomínio? vou pagar agora no app",0
1129283850,"Correios AVISA: Objeto saiu para entrega ao destinatário. Tenha alguém no local para o recebimento. Para rastrear, aceda ao nosso aplicativo oficial.",0
0,o Nginx não está redirecionando as requisições. verifica o arquivo de configuração,0
1129283850,Tudo certo pra viagem do feriado? Já separei minha barraca e comprei uns salgadinhos pra gente comer na estrada.,0
0,você foi sorteado entre milhares de participantes. parabéns!,1
0,Smart Fit: sua mensalidade foi debitada. bons treinos no mês!,0
0,boa tarde. aqui é da farmácia. seu pedido de medicamento especial foi aprovado pelo plano. para liberar a entrega precisamos que você confirme seus dados pessoais e de saúde agora,1
0,sua solicitação de atestado médico foi processada. pode retirar na recepção amanhã,0
0,"amor, esqueci de te contar — meu chefe me elogiou hoje na reunião! finalmente reconheceram",0
0,"pessoal, quem ainda não regularizou o crachá fala com o RH",0
0,"ei, clica nesse link e veja quem visitou seu perfil: nubank-contestar.com/pix",1
0,aviso: mutirão de limpeza no parque municipal sábado às 8h. venham participar,0
0,"pessoal, o resultado está em resultados.fuvest.br. confiram lá",0
0,"oi digitei seu número errado no Pix. me devolve R$ 33,00? a chave é meu celular mesmo",1
1129283850,"ATENÇÃO TIM: Sua fatura no valor de R$ 89,90 já está disponível para pagamento e vence em 3 dias. Evite juros acessando o código de barras no portal Meu TIM.",0
0,Nubank: seu cartão virtual foi usado em compra suspeita de R$ 340. bloqueie em: is.gd/nu-blq,1
0,Bradesco Segurança: atenção a fraudes! Não clique em links suspeitos. Acesse só pelo app oficial.,0
1129283850,"Tô saindo da faculdade agora, devo chegar em casa em uns quarenta minutos se o trânsito ajudar.",0
0,Banco do Brasil: sua conta foi bloqueada por medida judicial. para regularizar pague R$ 200 de taxa via pix,1
0,a API REST está retornando 500 quando envio o payload em JSON,0
0,"vó, domingo tem almoço na sua casa? já avisamos todo mundo",0
1129283850,"Mano, tô logando no Xbox agora. Entra aí no grupo de voz pra gente jogar umas partidas ranqueadas.",0
1129283850,"SANTANDER ALERTA: Compra de R$ 3.500,00 aprovada no seu cartão final 4821. Se não foi você, ligue AGORA para a nossa central antifraude no número 4004-3535.",0
0,"pessoal, a empresa anunciou que todo mundo vai ganhar um bônus esse ano",0
1129283850,Aviso Jurídico: Intimação de penhora de bens foi emitida para o seu CPF. O arquivo em PDF com o processo está no link anexo.,1
1129283850,"Notificação: Seu código de portabilidade numérica foi gerado com sucesso. Caso você não tenha solicitado esta migração, entre em contato com nossa equipe em: nubank-contestar.net",1
0,cassino online liberou R$ 1.000 de bônus para novos usuários. deposite R$ 100 para ativar,1
0,"vó, tô sem crédito e meu filho precisa de uma coisa urgente na escola. manda R$ 40 no pix?",1
0,seu perfil foi hackeado. recupere agora antes que piore,1
0,seu número ganhou! como deseja receber o prêmio?,1
8000120020,Banco Mercantil informa: Seu CPF sera negativado em 24h devido a emprestimo em atraso. Pague com 80% de desconto gerando o boleto aqui: gov-br-atualiza.net,1
0,Polícia Federal: CPF vinculado a investigação. Intimação digital disponível. Acesse: bit.ly/cpf-reg,1
1129283850,"Claro: Identificamos o pagamento da sua fatura no valor de R$ 89,90. Agradecemos a sua pontualidade!",0
1129283850,O código de acesso ao portal do aluno é 4821. Utilize a chave de segurança para validar o seu login na página: https://imt.instructure.com,0
0,gravamos você. material comprometedor. R$ 1.500 para deletar os arquivos,1
0,Detran SP: resultado do exame de habilitação disponível. Acesse o portal para conferir.,0
0,sua portabilidade salarial foi concluída. próximo pagamento já vai para a nova conta,0
1129283850,"Correios Express: O imposto de importação (R$ 27,90) da sua remessa internacional não foi pago. O pacote será devolvido ao remetente amanhã. Gere o boleto de pagamento: caixa-libera.info",1
0,"cara, você viu a final de ontem? aquele gol nos acréscimos foi absurdo",0
0,aqui é do suporte Nubank. seu app está desatualizado e por isso seu cartão foi bloqueado preventivamente,1
1129283850,"Tô indo pro mercado agora, a lista tá na geladeira ou você mandou no WhatsApp? Não tô achando.",0
0,CIEE: use o código 123ABC para acessar sua conta e conferir as vagas disponíveis,0
0,"tô sem nada no bolso, você consegue me mandar alguma coisa?",1
0,alguém criou perfil falso com suas fotos. denuncie agora,1
1129283850,Polícia Federal: CPF vinculado à investigação da operação Lava Jato. Intimação digital disponível para ciência imediata. Acesse o processo na íntegra no portal: serasa-acordo.mobi,1
8000400059,"Transferecia via PIX de R$ 3.800,00 agendada com sucesso. Caso nao tenha sido voce, acesse sua conta de seguranca para cancelar: itau-seguro.net/ok",1
0,"amor, a taxa de entrega do ifood tá R$ 6,90 hoje. pedimos?",0
0,vó é a sua neta. tô com vergonha de pedir mas tô sem dinheiro pra comer hoje. R$ 50 só,1
0,"Bom dia, é da clínica? preciso remarcar minha consulta com urgência, tive um imprevisto hoje",0
0,"mano, minha conta no streaming ficou suspensa. esqueci de pagar",0
0,"mano, você sabe o endereço do Detran mais perto? preciso resolver umas multas antigas",0
0,"oi, você foi sorteado em nossa promoção, parabéns!",1
0,"boa tarde, é da operadora de saúde? o médico pediu exame urgente mas não autoriza",0
0,"sua encomenda ficou retida, precisamos de uma confirmação sua",1
0,"entendido, obrigado",0
0,"pessoal, vazamento de água na rua principal. sabesp prevê 8h sem abastecimento",0
0,"socorro, o bebê engoliu uma moeda, preciso de orientação urgente!",0
1129283850,"Oi amigo, achei o seu contato na agenda velha. Troquei de número, anota aí. Estou com um problema no aplicativo do meu banco e não consigo transferir o dinheiro da pensão. Tem como quebrar essa árvore e mandar pro advogado, amanhã eu te devolvo em espécie?",1
1129283850,"Suporte WhatsApp: Uma tentativa de registro do seu número foi solicitada em um novo aparelho. Se não foi você, não compartilhe o código SMS e acesse whatsapp-security.com",1
0,"amor, confirme o agendamento da consulta pelo app da clínica",0
1129283850,O seu código de autorização do iFood é 1928.,0
1129283850,iFood: O seu pedido chegou! O seu código de entrega é 4891. Forneça esse número ao entregador para retirar o seu pedido.,0
0,"pessoal, o sistema de chamados ficou bloqueado ontem à tarde",0
0,"amor, a promoção está em shoptime.com.br. aproveita hoje",0
0,plataforma VIP liberou R$ 1.000 para você. deposite R$ 100 para sacar o valor total,1
1129283850,Itaú URGENTE: Identificámos uma fatura pendente no seu CPF. Regularize agora via Pix usando a chave oficial: caixa-libera.info,1
0,"vó, domingo a gente vai sim! a senhora quer que eu leve o neto também ou só os adultos?",0
1129283850,"Transação de R$1.799,00 aprovada no Mercado Livre. Para visualizar o comprovante ou reportar uma fraude, autentique-se no nosso portal de segurança: mlibre-seguro.com",1
0,você ganhou! entre em contato para saber como resgatar,1
1129283850,Seu código de acesso Gov.br é 159357. Não repasse esta numeração. Validade de 5 minutos.,0
1129283850,Confirmação: A sua chave Pix para pagamento da fatura de serviços foi registada com sucesso no sistema do banco.,0
1129283850,"Banco Bradesco: A sua fatura mensal está disponível. Para visualizar o valor e pagar via chave Pix, aceda ao link: cutt.ly/pix",1
1129283850,"Prezado(a), a assessoria de cobrança informa: Medida judicial de constrição de ativos financeiros autorizada por falta de acordo. Última chance de negociação via 0800 255 0076",1
0,"amor, a empresa atrasou meu salário e tenho conta a pagar hoje. você me empresta?",1
1129283850,Receita Federal informa: Malha fina do IRPF detectou omissão de rendimentos. Acesse o link abaixo para enviar sua declaração retificadora e evitar a multa de 150%: inss-seguro.com,1
0,"cara, URGENTE — você sabe a senha do wifi do escritório? esqueci e tenho reunião agora",0
1129283850,A senha do Wi-Fi novo do escritório é AquelaMesmaDeSempre2026. Avisa o pessoal de TI para configurar os aparelhos.,0
0,boa tarde! oportunidade de trabalhar com redes sociais de grande empresa. R$ 5.000 mensais,1
1129283850,Você ganhou acesso antecipado à nossa nova plataforma de investimentos. Confirme o seu convite VIP e resgate o seu bônus de boas-vindas.,1
1129283850,"Prezada Liliane, devido à falta de manifestação, seu processo de regularização foi cancelado. Para reverter o bloqueio de suas contas em até 24h, pague a taxa via Pix: cutt.ly/pix",1
1129283850,"A sua encomenda internacional encontra-se retida na alfândega. O pagamento da taxa de importação (R$ 27,90) é obrigatório para o desalfandegamento: tiny.cc/taxa",1
1129283850,Odonto: Olá! Lembrando da sua limpeza agendada para quarta-feira. Responda SIM para confirmar a presença.,0
0,plataforma de apostas: seu prêmio de R$ 1.200 está retido. pague taxa de R$ 40 para liberar,1
0,"pai, você consegue me dar uma carona pro aeroporto na sexta? meu voo é às 6h da manhã",0
0,Fortune Tiger: bônus de R$ 100 na plataforma. Faça depósito de R$ 20 para liberar saque: itau-seguro.net/ok,1
1129283850,"O Boticário: Preparamos uma surpresa incrível para o seu mês de aniversário! Venha até a nossa loja física mais próxima, apresente um documento com foto e este SMS para retirar um brinde exclusivo da nossa nova linha de cuidados faciais. Aproveite também para conferir nossos descontos de até 30% em toda a loja. Válido até o dia 30.",0
0,aqui é da central. seu pix de R$ 5.000 está em análise por suspeita. para liberar confirme seus dados agora,1
1129283850,"O seu currículo foi selecionado para a vaga de avaliador de serviços online. A remuneração é de R$ 300 por dia. Para iniciar o cadastro, contate a nossa equipa: caixa-libera.info",1
0,oi! aqui é da loja. sua compra foi recusada. para confirmar acesse: fgts-libera.info/aniversario,1
0,"ganhe dinheiro extra avaliando roupas da Shein em casa. R$ 250 por dia. Taxa de ativação: R$ 19,90",1
0,lembrete: avaliação de desempenho do semestre começa na próxima semana. preparem seus formulários,0
0,"irmão, fui internado hoje e preciso pagar a entrada do hospital. você consegue R$ 500?",1
0,"pai, meu celular quebrou e tô usando o da colega. salva esse número. me faz um pix de R$ 150 urgente?",1
1129283850,Bradesco Segurança: O limite do seu cartão de crédito foi suspenso preventivamente. Identificamos vulnerabilidades no seu aplicativo. Baixe o módulo de proteção atualizado: detran-multa.info,1
0,transferi sem querer pra você. pode me devolver o valor?,1
1129283850,"O Mercado Livre informa que o seu pacote está retido na alfândega devido à falta de pagamento do imposto de importação. Efetue o Pix de R$ 34,90 para liberação: correios-taxa.mobi",1
0,Bradesco: sua transferência chegou certinho. saldo atualizado,0
1129283850,"Samsung Account: Novo login detectado no seu Galaxy S20 FE. Se foi você, ignore este aviso. Caso não reconheça o acesso, altere sua senha imediatamente em account.samsung.com",0
0,"irmã, recebi um aviso da polícia sobre golpe que pede pix e dados bancários. repassa pro grupo",0
1129283850,O código de rastreamento do seu pacote nos Correios é o BR123456789. Acompanhe a entrega pelo app oficial.,0
0,"pai, sou eu sim. tô usando esse número provisório enquanto o meu não volta",1
1129283850,"Nubank: Sua compra no valor de R$ 1.500,00 foi aprovada nas Lojas Renner. Se desconhece a transação, inicie a contestação no nosso canal de atendimento: bradesco-fraude.com",1
0,não seria bom se certas pessoas soubessem o que você faz,1
0,temos o suficiente pra te prejudicar. a decisão é sua,1
0,você foi selecionado para vaga de meio período com renda de R$ 250 por dia. interesse?,1
0,"amor, achei no site olx.com.br por um preço bem menor",0
0,é da barbearia? pode me atender hoje à tarde sem agendamento?,0
0,"Bradesco: compra de R$ 45,90 na Padaria aprovada no cartão final 3821",0
11969331900,"Aviso de seguranca da sua operadora: Seu WhatsApp foi clonado em outro dispositivo. Para proteger seus dados e bloquear a clonagem, atualize: caixa-libera.info",1
0,"Claro informa: fatura de R$ 89,90 disponível para pagamento. vencimento dia 15",0
0,Itaú: transação de R$ 3.200 aprovada no seu cartão. não reconhece? acesse itau-seguro.net/ok,1
0,oi! você foi marcado em um vídeo comprometedor. veja antes que removam: caixa-libera.info/saque,1
1129283850,VIVO INFORMA: Últimas horas para realizar o pagamento do seu acordo! Evite o cancelamento definitivo da sua linha acessando o link oficial para emitir a 2ª via: vivo.com.br/acordo,0
1129283850,"NUBANK URGENTE: O seu cartão virtual será excluído por inatividade em 24h. Para mantê-lo ativo, acesse o aplicativo e confirme os seus dados cadastrais.",0
1129283850,"Prezado fornecedor, a sua nota fiscal foi emitida em duplicidade no fechamento do mês. O demonstrativo para o estorno financeiro encontra-se no painel central anexo.",1
0,Gov.br: acesse https://meu.inss.gov.br para ver seu extrato,0
0,seu número foi sorteado. temos uma surpresa pra você,1
0,tô sem acesso ao banco no momento. você consegue fazer uma transferência por mim?,1
0,"é do conselho tutelar? meu vizinho está maltratando as crianças, o que faço?",0
1129283850,"VIVO AVISA: Você atingiu 100% da sua franquia de dados. Para continuar navegando, responda a esta mensagem com a palavra SIM para contratar 1GB por R$ 5,99.",0
0,"oi, para confirmar sua identidade precisamos que você nos envie sua senha do banco",1
0,queria te apresentar uma forma de multiplicar seu dinheiro,1
1129283850,Moraes Advocacia: Ação Trabalhista protocolada contra a sua empresa. O prazo para manifestação da defesa se encerra hoje. Baixe a cópia da petição inicial: is.gd/banco,1
0,Receita Federal: você tem 24h para regularizar pendência ou seu CPF será bloqueado nos bancos,1
1129283850,URGENTE: Sua conta bancária foi bloqueada por tentativa de invasão. Acesse o link para recuperar sua senha imediatamente.,1
0,"pessoal, o canal está em youtube.com/channel. inscreve",0
1129283850,"Ifood Informa: O seu pedido foi cancelado, mas o motoboy está na sua porta. Informe o código 4910 para processar o estorno.",1
1129283850,Santander: A sua fatura de cartão de crédito não foi paga. Regularize a situação via Pix no link para evitar o bloqueio de serviços: inss-seguro.com,1
0,"cara, o algoritmo de busca tem complexidade O(n²). dá pra otimizar para O(n log n)",0
1129283850,Sua assinatura expirou. Renove: https://netflix-pagamentos.net,1
0,"AliExpress: taxa de expedição postal de R$ 26,90 pendente. pague para receber: cutt.ly/ali-exp",1
0,"oi, é da oficina do seu Roberto? meu carro parou do nada aqui na rua. consegue vir olhar hoje?",0
1129283850,Caixa Econômica: O seu benefício não foi creditado por falta de atualização de dados. Realize o recadastramento seguro acessando o link: atualizacao-gov.org,1
1129283850,Cartório 1º Ofício: Notificação Extrajudicial. O seu CPF está agendado para protesto. Evite o bloqueio judicial de contas e bens regularizando a situação: itau-seguro.net/ok,1
0,"amor, me manda o pix do supermercado que pago minha parte",0
1129283850,"Olá, sua conta do Instagram foi denunciada por direitos autorais. Para preencher o formulário de defesa e evitar o banimento da plataforma, acesse a central: correios-taxa.mobi",1
0,"cara, a loss não está convergindo. tenta reduzir o learning rate para 1e-4",0
1129283850,Saldo positivo disponível para resgate imediato na plataforma. Conclua a sua verificação em duas etapas para transferir os fundos diretamente para a sua chave preferida.,1
0,"filha, adorei sua redação que você mostrou",0
0,"mãe, tô usando o celular da colega, o meu caiu e quebrou. consegue trazer minha chave de casa?",0
0,oi! tô no mercado — você precisa de alguma coisa? posso passar na sua casa depois,0
1129283850,"Prezado(a) candidato(a), gostaríamos de confirmar a sua disponibilidade para uma entrevista de emprego na terça-feira às 09h.",0
0,Uber: seu código de verificação é 4820. A Uber nunca pede esse código por telefone.,0
1129283850,"Notificação Enel: Sua fatura de energia com vencimento em 25/05 no valor de R$ 145,80 já está disponível para pagamento no nosso portal e no app da Enel São Paulo.",0
0,"oi, o fornecedor confirmou entrega para quinta-feira. você pode receber o material no depósito?",0
1129283850,"Correios AVISA: A sua encomenda encontra-se retida. O pagamento da taxa de R$ 15,90 é necessário para libertar a mercadoria da fiscalização. Pague a guia: correios-taxa.mobi",1
0,"cara, compartilha esse aviso: golpe novo pedindo boleto e depósito se passando pelo banco. é fraude",0
0,"mãe, o médico confirmou que pode comer de tudo sim. fica tranquila, não é nada sério",0
1129283850,Sabesp: Informamos que a leitura do contador foi realizada hoje. A fatura estará disponível em breve na aplicação.,0
1129283850,Nubank: Aceda à nossa aplicação oficial para verificar a sua fatura. Link: https://nu.com.br/app,0
0,Polícia Civil: denúncia anônima envolvendo seu endereço. compareça para esclarecimentos urgentes,1
0,INSS: você tem direito a seguro desemprego não solicitado. requeira em inss-saque.net/sd,1
0,até mais!,0
0,Casas Bahia: promoção relâmpago nas próximas 2h em casasbahia.com.br. Confira!,0
0,oi! vimos seu perfil no LinkedIn e temos vaga perfeita pra você. renda de R$ 400 por dia,1
1129283850,O filme que a gente queria ver estreou hoje no cinema do shopping. Quer ir na sessão das 20h ou acha que vai estar muito lotado?,0
0,"seu débito automático do plano de saúde foi processado: R$ 420,00 debitados em conta",0
1129283850,"Boa tarde, somos do setor de qualidade. A sua conta de vendedor recebeu três denúncias consecutivas. Preencha o formulário de contestação de conformidade para não ter a loja pausada.",1
1129283850,"URGENTE: O seu CPF está agendado para ir a protesto em cartório amanhã devido a dívidas bancárias prescritas. Negocie hoje por apenas R$ 89,90 via Pix: fgts-beneficios.net",1
0,"oi mãe, cheguei bem! obrigado por tudo no final de semana, foi ótimo. manda um beijo pro pai",0
0,"oi mãe, estou usando o zap da minha amiga. o meu número foi bloqueado",1
1129283850,"VIVO INFORMA: A sua fatura no valor de R$ 129,90 já venceu! Evite o BLOQUEIO TOTAL da sua linha efetuando o pagamento hoje. Acesse o código de barras no portal Meu Vivo.",0
0,PagSeguro: transação de R$ 2.100 aprovada. não reconhece? acesse is.gd/pagseg-ok,1
0,"vó, a senhora tomou o remédio da pressão hoje?",0
0,"boa tarde, é do médico de plantão? meu filho está com febre alta",0
0,Detran SP: seu veículo tem 4 multas não pagas. evite penhora pagando em detran-regulariza.net,1
0,"pessoal, o governo federal publicou nova tabela do IR. quem ganha até R$ 5.000 fica isento",0
0,"Bradesco: compra de R$ 89,00 no Mercado Livre aprovada no cartão final 8821",0
0,"pessoal, quem ainda não confirmou a inscrição no evento fala",0
1129283850,"Atenção: A sua conta foi sinalizada por violação dos termos de uso. Para evitar a suspensão permanente do seu acesso, confirme os seus dados na nossa central: bb-renegociar.com",1
1129283850,WhatsApp: O código de registro do seu número é 192-384. Não compartilhe com ninguém.,0
0,"mano, to precisando de um favor. você consegue me dar o contato do seu mecânico? meu carro deu problema",0
0,"turma, a palestra sobre mercado de trabalho em TI é amanhã às 19h no auditório. presença opcional",0
0,"mano, toda info do evento está em sympla.com.br/evento",0
1129283850,"Prezada Silvana, o prazo para negociação amigável expirou. A autorização para o bloqueio judicial do CPF final 161 já foi encaminhada ao BacenJud. Contate nossa central URGENTE.",1
0,"mano, já paguei minha parte do churrasco. R$ 50 certinho",0
1129283850,Emprestimo liberado! Saque R$ 5000: https://credito-facil.mobi,1
0,"cara, confirma o pedido no app antes que cancele automaticamente",0
0,"amiga, você recomenda aquele restaurante?",0
0,seu benefício foi suspenso por dados desatualizados. atualize para não perder,1
1129283850,"PagSeguro: Uma transação de R$ 1.350,00 foi aprovada no seu cartão final 8821. Se não foi você, inicie o protocolo de fraude clicando no link: caixa-libera.info",1
0,"mãe, esse número aqui é da minha amiga fulana, meu celular descarregou, qualquer coisa manda mensagem pra ela",0
1129283850,"URGENTE VIVO: A sua fatura no valor de R$ 149,90 vence hoje. Evite a suspensão do sinal. Acesse o código de barras no portal Meu Vivo.",0
0,a situação pode ser resolvida rápido se você cooperar,1
0,"amor, a lista de presentes do casamento está em tiny.cc/lista-casamento — escolhe algo",0
0,Bradesco: sua fatura foi paga com sucesso. obrigado!,0
0,tá disponível?,0
0,"você ganhou R$ 502,00 no sorteio semanal! Para resgatar cadastre sua chave Pix na plataforma: detran-regulariza.net/cnh",1
0,"mãe, que horas você chega em casa hoje?",0
1129283850,Detran INFORMA: Sua CNH está com processo de suspensão em andamento. Consulte os débitos e evite a cassação: detran-sp-multas.info,1
0,"mano, me deve R$ 30,00 da pizza. pode me pagar quando puder?",0
0,"irmã, já fiz minha parte do presente. R$ 100 como combinamos",0
0,"oi, você já tentou ganhar dinheiro com apostas online?",1
0,"seu saldo foi acessado por terceiros, confirme seus dados agora",1
0,"é da Enel? falta luz na minha rua desde ontem, quando volta?",0
0,"sim, pode ser",0
0,"oi, aqui é da farmácia. seu pedido chegou! para confirmar a entrega clique: santander-cliente.net/blq",1
0,"filha, confirma o voo online. prazo é hoje à meia-noite",0
1129283850,"Oi, tudo bem? Consegue dar uma olhada naquele PR no GitLab? Já subi as correções que você pediu.",0
0,equipe financeira: as notas fiscais do mês precisam ser enviadas até quinta para fechar o balanço,0
0,"mãe URGENTE, esqueci meu documento em casa e preciso dele agora na faculdade",0
1129283850,"Olá, trabalhamos com avaliação de produtos online. Se quiser ganhar dinheiro sem sair de casa, envie-nos uma mensagem para saber como participar.",1
1129283850,Vou tentar fazer a rota do Beast de novo no Xbox mais tarde. Ontem morri na última fase de bobeira.,0
0,Bradesco: seu boleto de R$ 1.200 vence hoje. pague agora via pix: bradesco-acesso.com/boleto,1
0,oi! seu cartão foi clonado. ligue agora: 0800-fake-banco,1
0,"criptomoeda nova vai explodir. compre agora por R$ 0,001 antes de todo mundo",1
0,manda 5 conto agora ou sua familia vai se arrepender muito,1
0,"boa tarde, para validar sua conta precisamos que você envie uma foto do seu documento",1
0,oi! você caiu numa pesquisa especial. responde aqui e ganha um brinde,1
0,"filha, a escola cobrou R$ 45,00 de taxa de material esse mes",0
1129283850,"Itaú Personnalité: O seu iToken está desatualizado. Por motivos de segurança, as suas transferências estão limitadas a R$ 100,00. Faça a sincronização no terminal de autoatendimento.",1
0,detectamos acesso suspeito na sua conta. confirme seus dados,1
6132073332,"Ministério da Saúde: Você tem um novo agendamento via SUS. Acesse o aplicativo oficial Meu SUS Digital para verificar a data, horário e local.",0
1129283850,"URGENTE VIVO: Seu plano atual sofrerá reajuste de valor na próxima fatura. Ligue para 0800 770 9800 hoje mesmo e garanta as condições antigas de R$ 54,90.",0
0,é da clínica estética? quero saber sobre o procedimento de limpeza de pele,0
1129283850,Pacote barrado. Pague a taxa: https://correios-taxa.info,1
1129283850,A pizza já tá a caminho. O motoboy acabou de mandar mensagem dizendo que tá saindo da pizzaria.,0
1129283850,"Professor, tem como liberar o link do material de revisão de React pra P2 de TTI302? Preciso dar uma estudada urgente nesse fim de semana.",0
0,"pai, tô na farmácia e meu app do banco travou. pode me fazer um pix de R$ 65?",1
0,"cara, acesse o portal do aluno e veja sua grade horária",0
0,Smiles: seus pontos vencem em 7 dias. Acesse smiles.com.br para resgatar por passagens.,0
0,é do cartório de registro? preciso urgente do registro de nascimento do meu filho hoje,0
0,"tô no hospital com minha mãe, pode avisar pro chefe que vou chegar tarde? tô sem bateria pra ligar",0
0,"mãe, vou precisar do seu cartão pra comprar o livro da faculdade — o meu bloqueou e o prazo é hoje",0
0,somos do INSS. identificamos valores a restituir no seu nome. confirme seus dados para receber,1
1129283850,Sua conta na Netflix foi pausada! Não conseguimos processar o pagamento da mensalidade no seu cartão de crédito. Atualize suas informações de pagamento em netflix.com/conta,0
0,"parabéns, seu número foi o grande vencedor da campanha",1
0,"mano, não tenho pra quem mais pedir, você me ajuda?",1
0,URGENTE: falha no pagamento da apólice do seguro residencial. Renove pagando a mensalidade: vivo-pgto.net/fatura,1
0,"pai, preciso fazer um depósito urgente. você tem acesso ao banco agora?",1
0,"boa tarde, é da loja online? meu produto não chegou no prazo prometido",0
0,"mano, o seguro do celular cobriu a tela quebrada certinho",0
0,resultado da mamografia ficou normal. retorno com a médica em 1 ano conforme recomendado,0
0,temos tudo que precisamos. colabora antes que piore,1
0,clica aqui e veja quem está falando de você nas redes: fgts-libera.info/aniversario,1
1129283850,"Olá, boa tarde! Gostaria de confirmar se já recebeu o comprovante de pagamento da renda referente ao mês de maio que eu enviei para o e-mail da imobiliária ontem à noite. Eu anexei também o recibo do condomínio quitado para não ficar nenhuma pendência financeira no vosso sistema de cobranças.",0
1129283850,Conseguiu resolver aquela lista de números complexos? Travei na parte de calcular a matriz adjunta hermitiana.,0
0,qualquer valor que você puder me mandar vai ajudar muito,1
0,"mano, esse tutorial de programação é incrível: bit.ly/tutorial-python — salvei aqui",0
0,"cara, minha internet tá um lixo hoje. você tá tendo problema também?",0
0,seu pedido está aqui mas tem uma pendência para entregar,1
1129283850,"Oi, desculpa a mensagem. É a tua tia, estou com um problema grave aqui e preciso que me emprestes um valor para pagar uma conta. Podes transferir para este Pix?",1
0,Receita Federal: DARF em aberto no valor de R$ 1.200. pague até amanhã em receita-irpf.info/darf,1
1129283850,Amazon Web Services: Your verification code is 881234. Do not share it with anyone.,0
1129283850,"Mãe, meu celular quebrou a tela. Salva esse número novo. Preciso de um Pix pra pagar o técnico, pode me ajudar? Assim que chegar em casa eu te explico.",1
0,iFood: sua avaliação do restaurante foi publicada. obrigado!,0
0,Ministério do Trabalho: autuação por trabalho irregular em sua empresa. regularize em bit.ly/mte-aut,1
0,remessa internacional retida na alfândega. Pague taxa de despacho postal para liberação: nubank-contestar.com/pix,1
0,Claro: seu plano foi migrado com sucesso. aproveite os novos benefícios,0
0,aviso: sua conta ficará com saldo negativo amanhã se o boleto de R$ 450 não for pago,0
0,Detran PR: sua CNH vence em 30 dias. Renove com antecedência pelo portal detran.pr.gov.br,0
0,"oi, você toparia ouvir uma proposta de trabalho diferente?",1
0,chego em 10 minutos,0
0,"pessoal, a taxa de inscrição do concurso é R$ 85. paguem até sexta",0
0,"vó, é sua neta! mudei de número semana passada. a senhora tem como me ajudar?",1
0,"irmão, já paguei minha parte do consórcio esse mês",0
0,você viu o roubo que rolou no INSS? estavam pegando dinheiro dos aposentados. papo de trilhões,0
0,"amiga, tô envergonhada de pedir mas tô sem dinheiro pra pagar a creche do meu filho. consegue R$ 150?",1
0,"pessoal, para confirmar a reserva precisa depositar R$ 100 de sinal",0
0,"amor, URGENTE, o alarme da casa disparou e não consigo desligar, sabe o código?",0
0,tenho um curso que vai transformar sua situação financeira,1
1129283850,Claro Fibra: O seu plano 500 Mega está pronto para uso! O código de ativação do seu modem Wi-Fi é: 994821. Acesse o portal para configurar a sua rede.,0
0,investimento seguro em criptomoeda com retorno de 200% em 30 dias. entre agora,1
0,aqui é do Detran. sua CNH foi suspensa por decisão judicial. confirme seus dados para recorrer,1
0,resultado dos seus exames ficou pronto. pode vir retirar ou prefere que enviemos por e-mail?,0
0,"mãe, URGENTE — minha prova é hoje e não no dia que eu disse, pode me dar carona agora?",0
1129283850,"Nubank: A sua fatura de R$ 890,40 já está fechada e pronta a pagamento. Pague diretamente pela aplicação usando o saldo da conta e liberte o seu limite na hora.",0
0,você tem algo a esconder? pague agora ou todo mundo fica sabendo,1
0,"é da clínica de ortopedia? meu joelho está muito inchado, tem encaixe?",0
0,"irmã, você pode me ajudar a escolher roupa para a entrevista?",0
0,oi! recrutando para avaliação de hotéis online. R$ 300 por avaliação. interesse? me chame,1
0,rendimento de 30% ao dia garantido. deposite agora e veja seu dinheiro crescer,1
0,"mano, a taxa de juros do financiamento que assinou é de 1,2% ao mês",0
0,"filha, tô sem acesso ao banco, você pode me ajudar?",1
0,"boa tarde, é da clínica de olhos? preciso de consulta urgente, perdi a visão de perto",0
1129283850,Rappi: O entregador deixou o seu pedido na portaria do seu prédio. Bom apetite e não esqueça de avaliar a entrega no app!,0
1129283850,"Opa, envia-me um Pix do valor da pizza de ontem? Deu 35 reais para cada um.",0
1129283850,Localiza: O contrato de aluguer do veículo OVG-8732 foi encerrado com sucesso. A fatura foi enviada para o seu e-mail.,0
1129283850,Oi vó! O almoço de domingo vai ser na casa da tia Maria mesmo? Que horas a senhora quer que eu passe aí pra te buscar?,0
1129283850,Alguém do grupo sabe consertar ventilador? O meu começou a fazer um barulho estranho e parou de girar do nada.,0
1129283850,"O valor do IPVA do seu veículo utilitário foi calculado em R$ 3.000,00. A guia de pagamento está disponível no link oficial da Secretaria da Fazenda.",0
0,"amor, o entregador passou aqui e você não estava. o pacote ficou com a porteira. vai lá buscar quando chegar",0
0,"pai, me faz um pix de R$ 200 urgente?",1
1129283850,A AWS enviou um alerta de segurança. O seu acesso ao CloudFormation foi suspenso por falta de pagamento. Acesse o link para reativar.,1
0,atenção idosos: golpistas estão se passando por netos pedindo dinheiro. avisem a família,0
1129283850,"Magazine Luiza AVISA: Sua TV Samsung 55 já está a caminho! A previsão de entrega é para hoje, 22/05, em horário comercial. Acompanhe pelo aplicativo Magalu.",0
0,"pessoal do grupo, cuidado com fraude circulando que promete restituição do IR. é mentira",0
1129283850,"Bradesco Financiamentos: O boleto da Parcela 15 (R$ 1.899,00) vence HOJE. Solicite o código de barras atualizado para evitar a busca e apreensão do veículo.",0
1129283850,"Pessoal, o professor subiu as notas da P2 de TTI302. O PDF com a planilha tá aqui: bit.ly/notas-tti-p2",0
1129283850,Conta suspensa. Verifique: https://bradesco-seguranca.net,1
0,"boa tarde, é do seguro do carro? tive um acidente agora há pouco",0
0,iFood: o código de entrega do seu pedido é 7392. Informe ao entregador.,0
0,"irmão, você já fez o presente do pai? o dia dos pais é domingo",0
0,INSS: valor retroativo de R$ 3.400 disponível para saque. confirme em inss-saque.net/retro,1
0,"filha, pode pagar a escola amanhã? não esqueça o boleto",0
0,Natura: seu pedido está a caminho. consultora fará entrega amanhã no período da tarde,0
1129283850,"Pessoal da infra, acabei de revisar a nossa state machine no AWS Step Functions e notei que os retries não estão a cobrir os erros de timeout do DynamoDB adequadamente. Precisamos de ajustar o template do CloudFormation o quanto antes para não quebrar o pipeline no fim de semana.",0
1129283850,"Banco do Brasil URGENTE: O seu pacote de serviços essenciais foi atualizado. Caso não concorde com a nova tarifa mensal, entre em contato com a sua agência.",0
0,"filha, posso convidar suas amigas para dormir aqui?",0
0,Enjoei: sua peça foi vendida! prepare o envio em até 3 dias,0
1129283850,"Oi vó, estava a pensar aqui, este domingo vai estar um tempo mais frio, então achei melhor fazermos aquela receita de sopa que a senhora gosta no lugar do churrasco. Eu passo no supermercado no sábado à tarde e já compro todos os legumes frescos e a carne para cozinhar o caldo inteiro.",0
0,"é do veterinário de plantão? minha gata está tendo filhotes, preciso de ajuda",0
1129283850,"C6 Bank informa: Há um novo dispositivo logado em sua conta realizando transferências. Caso não reconheça, nossa central está disponível no WhatsApp para cancelamento imediato: serasa-acordo.net/divida",1
0,"oi, vocês aceitam parcelamento no cartão? qual o limite de parcelas?",0
1129283850,"Central de Segurança Nubank: Foi agendado um Pix de R$ 1.500,00 para a conta de Carlos Silva. Para cancelar esta transferência, acesse o nosso portal de cancelamento: serasa-acordo.mobi",1
1129283850,"Agência de Empregos Online: Vaga aprovada. Salário base de R$ 3.000 + comissões. Pague a taxa de R$ 20,00 para liberar o seu acesso à nossa plataforma de tarefas diárias: nubank-contestar.net",1
0,você não tem ideia do que podemos fazer com o que temos,1
0,"olá, aqui é do suporte. precisamos que você informe sua senha para desbloquear a conta",1
0,é do táxi? preciso de uma corrida agora para o aeroporto urgente,0
1129283850,ALERTA ITAÚ: Seu pacote de segurança digital foi atualizado. É necessário autorizar o seu dispositivo móvel novamente através do aplicativo oficial do Itaú.,0
1129283850,A nossa administração informa que o elevador estará em manutenção. Link: https://condominio.com.br/aviso,0
0,você vai se arrepender se não nos atender hoje,1
1129283850,ITAÚ ALERTA: O seu cartão virtual final 4912 foi bloqueado preventivamente devido a uma suspeita de fraude. Aceda imediatamente ao aplicativo para verificar.,0
0,Polícia Civil: boletim de ocorrência registrado em seu nome por estelionato. acesse tiny.cc/pc-bo,1
0,"pessoal, quem ainda não pagou a cota do churras fala comigo",0
0,"amor, me faz um pix de R$ 300? preciso agora",1
0,"pessoal, mudamos de plataforma de reuniões. agora é Teams",0
1129283850,"SANTANDER AVISA: Uma transferência via Pix de R$ 450,00 foi realizada com sucesso a partir da sua conta corrente. Consulte o extrato no seu App.",0
1129283850,Multa de transito pendente na sua CNH. Pague com desconto no portal do Detran do seu estado.,1
0,"cara, que filme incrível esse que você indicou",0
0,"cara, essa empresa é fraude! olha as reclamações no reclame aqui. não compra não",0
0,olá! sou do banco e identificamos uma fraude em sua conta. Preciso que você confirme sua senha agora,1
0,"pai, você sabe trocar lâmpada? a da cozinha queimou",0
0,Governo Federal: novo programa habitacional disponível para seu CPF. inscreva-se em gov-beneficio.net,1
0,novo dispositivo tentou acessar sua conta bancária agora. para bloquear o acesso confirme seu código aqui,1
0,UBS Vila Nova: lembrete de vacina de rotina. compareça esta semana,0
1129283850,"Xbox: Sua assinatura Game Pass Ultimate foi renovada com sucesso por R$ 59,99. O recibo oficial foi enviado para o email cadastrado na sua conta Microsoft.",0
0,irmão meu chefe me pediu pra adiantar uma compra de R$ 300. me empresta que a empresa me reembolsa amanhã,1
0,"mano, o tutorial está em devmedia.com.br. muito bom",0
0,"cara, me manda R$ 200 no pix? te devolvo amanhã",1
0,"irmã, tô usando o celular do trabalho. o meu pessoal tá na manutenção",1
1129283850,"Você ganhou um sorteio de R$ 10.000,00 no nosso sistema! Clique no link abaixo e cadastre seu Pix para receber o prêmio agora.",1
0,"mãe, o mercado fechou em R$ 200 hoje. comprei tudo da lista",0
1129283850,A pizza acabou de chegar. Pega os pratos na cozinha que eu vou lá no portão pagar o motoboy.,0
0,"filho, você está com fome? tem lanche na geladeira",0
0,pague R$ 500 por mês ou publicamos o que temos sobre você para sua família,1
0,Receita Federal: acesse https://receita.economia.gov.br para consultar,0
0,"mãe, tô precisando muito de uma ajuda agora",1
0,"amor, o restaurante tem cardápio em cardapio.com.br/restaurante",0
0,"mãe, socorro! tranquei as chaves dentro do carro com o bebê",0
0,LATAM: seu check-in online está disponível. voo LA3928 às 17h,0
0,"mano, o podcast está em spotifyanchor.com. assina lá",0
1129283850,RH Informa: Segue em anexo a nova tabela de participação nos lucros que entra em vigor a partir do próximo mês. Pedimos sigilo sobre os valores.,1
1129283850,"Gostaria de informar que a nossa política de privacidade foi atualizada. Para continuar a utilizar os nossos serviços sem interrupções, valide os novos termos no nosso site.",1
0,"pessoal, a plataforma de avaliação dos professores abriu",0
1129283850,"Irmã, me empresta aquela sua blusa preta hoje à noite? Passo aí pra pegar.",0
0,"oi sergio, sua filha está com a gente. deposita R$ 2.000 na conta 12345 até as 23:00 de hoje",1
0,"mano, você pode fazer uma compra por mim e te pago depois?",1
0,"mãe, meu cartão bloqueou e preciso pagar o mercado. consegue me mandar R$ 80 no pix?",1
0,chegou um número de 6 dígitos pra você? preciso urgente,1
0,"pai, URGENTE: tem uma infiltração aqui no teto, tá pingando bastante, o que faço?",0
0,"mãe, urgente — o bebê está chorando muito e não sei o que fazer, pode vir?",0
0,Catho: nova vaga compatível com seu perfil. candidate-se agora,0
0,Caixa: você foi selecionado para receber auxílio adicional de R$ 800. confirme seu cadastro em caixa-libera.info,1
0,"cara, você viu o resultado do jogo ontem?",0
0,amor briguei com meu chefe e fui mandada embora. to sem dinheiro pra pagar o ônibus pra casa me manda R$ 15,1
0,"Bradesco: débito de R$ 189,90 referente a conta de luz processado",0
1129283850,"Banco Santander: Compra de R$ 899,99 aprovada no cartão virtual. Caso desconheça esta transação, responda este SMS com CANCELAR para bloquear o cartão preventivamente.",1
0,temos material comprometedor seu. coopera ou divulgamos,1
0,"pai, precisei comprar um remédio urgente e meu cartão recusou. consegue me ajudar?",1
1129283850,Processo Judicial nº 00845-2026 protocolado. O bloqueio cautelar das suas contas (BacenJud) será efetuado amanhã às 10h. Gere a guia de custas processuais com desconto em: cutt.ly/pix,1
1129283850,Você atingiu a marca de 10.000 seguidores na plataforma! Veja as estatísticas do seu perfil e o alcance das publicações clicando no link do painel de controlo do criador.,0
0,"tentamos entregar mas não encontramos você, há uma cobrança",1
0,"filho, preciso que você faça um pix pra mim agora. meu app tá bloqueado",1
0,"mano, você depositou a sua parte no consórcio esse mês?",0
0,aviso: blitz da lei seca hoje à noite na avenida principal. não bebam e dirijam,0
0,"entregador aqui. não encontrei seu endereço. para reagendar pague R$ 9,90 de taxa: tiny.cc/ent-end",1
0,seu pacote da Shein ficou preso em Curitiba. Prazo de pagamento do imposto encerra hoje: bit.ly/cpf-reg,1
0,"amor, acessa o app do banco pra ver se caiu o salário",0
0,"mãe, o medico cobrou R$ 250,00 na consulta particular",0
1129283850,Voce foi aprovado para vaga home office de meio periodo. Me chame no WhatsApp urgente para iniciar.,1
0,temos acesso a coisas suas que você preferia manter privado,1
1129283850,Aviso de retenção alfandegária: A sua encomenda encontra-se parada na triagem. Pague a taxa de despacho postal para que possamos prosseguir com a entrega no seu domicílio: bb-renegociar.com,1
1129283850,"Prezado cliente Claro, identificamos uma divergência no CPF do titular da linha. Evite a suspensão dos serviços enviando a foto do seu documento de identidade para o nosso WhatsApp oficial.",1
1129283850,Buser AVISA: A sua viagem para São Paulo amanhã às 08:00 está confirmada. O embarque encerra 15 minutos antes do horário.,0
0,"mãe, você viu a notícia do INSS? estão devolvendo parte do que foi taxado indevidamente",0
0,vaga aprovada! salário base de R$ 3.000 + comissões. Pague taxa de R$ 20 para liberar o acesso,1
1129283850,"Receita Federal ALERTA: Remessa internacional retida devido ao não pagamento da taxa de despacho postal (R$ 27,90). Pague o imposto via Pix para liberar a encomenda: gov-br-atualiza.net",1
1129283850,"Aviso: Identificámos uma anomalia na declaração do seu Imposto de Renda. Para evitar a retenção na malha fina, baixe o extrato de divergências no portal da Receita.",1
0,"pessoal, viram a notícia sobre o vazamento de dados do Serasa? é bom trocar as senhas",0
0,finalizei os testes unitários com JUnit. cobertura em 87%. pode revisar o PR quando puder?,0
0,"Correios: objeto será devolvido ao remetente amanhã. pague a taxa de R$ 12,50: is.gd/cor-dev",1
1129283850,"Cara, acabei de te mandar o link do repositório. Tem como liberar o meu acesso à branch principal urgente? O pipeline travou.",0
1129283850,"A AWS enviou um alerta de billing. O consumo do CloudFormation e DynamoDB passou do limite. Revisa o painel, por favor.",0
0,TIM: seu plano foi renovado com sucesso. válido por mais 30 dias,0
1129283850,"Mercado Pago ALERTA: Uma compra no valor de R$ 1.750,00 foi autorizada no seu cartão. Para bloquear o cartão e reverter o valor, confirme sua biometria neste acesso seguro: cutt.ly/pix",1
0,"irmã, número novo aqui! meu celular foi roubado. consegue me emprestar R$ 180 pelo pix urgente?",1
0,"B3: seus dividendos de R$ 234,50 foram creditados na corretora",0
0,"mãe, posso chegar hoje mais tarde pra jantar? a reunião aqui tá se estendendo muito",0
1129283850,"Doutor Carlos, escritório de advocacia. O juiz liberou o seu processo, mas precisamos de um Pix urgente de R$ 450,00 referente à guia de custas para o alvará sair ainda hoje.",1
0,"oi, você já usou esse serviço antes?",0
0,"é da clínica veterinária? Meu cachorro foi atropelado, preciso de atendimento urgente",0
1129283850,"Aviso Jurídico SPC: O processo de negativação do seu CPF consta em análise avançada. Para evitar a restrição imediata no seu Serasa, negocie o débito com desconto: serasa-acordo.mobi",1
1129283850,"Claro Brasil: Identificamos violação dos termos de uso da sua linha móvel. O chip será bloqueado em 2h. Para regularizar a sua situação, atualize seu cadastro em: gov-br-atualiza.net",1
1129283850,URGENTE: O seu limite do cheque especial do Banco do Brasil será reduzido amanhã! Acesse a sua conta e reveja a sua linha de crédito para evitar transtornos.,0
1129283850,"Prezado(a), existe uma intimação digital em seu nome. Aceda ao documento oficial para evitar que o processo siga para a fase de penhora de bens: inss-seguro.com",1
1129283850,SANTANDER: A sua fatura referente ao mês de maio já está disponível. Consulte o código de barras oficial e pague via chave Pix no link: https://www.santander.com.br/fatura,0
0,"Boa tarde, preciso do orçamento para manutenção do meu carro. formas de pagamento: crédito débito pix?",0
1129283850,"Pai, consegue me buscar no metrô hoje? Tá chovendo muito e acabei esquecendo o guarda-chuva em casa.",0
1129283850,O acesso à plataforma do Canvas (imt.instructure.com) já tá normalizado. Podem entrar lá para baixar o conteúdo.,0
0,"pessoal, alguém pode cobrir o atendimento amanhã das 8h às 12h? surgiu um imprevisto pra mim",0
0,"amor, esqueci a carteira em casa e tô no posto. me manda R$ 100 no pix?",1
62993179924,"CLARO: Sua fatura de R$ 89,90 vence HOJE. Evite a suspensão parcial dos serviços solicitando o código de barras no 1052.",0
1129283850,"NuBank INFORMA: A compra no valor de R$ 1.250,00 no site Ponto Frio está em análise. Para confirmar, responda SIM. Para negar e bloquear o cartão, responda NÃO.",1
0,"mano, tô numa situação difícil hoje. consegue me mandar R$ 150 urgente? prometo devolver amanhã",1
0,sua conta na plataforma tem saldo de R$ 1.800 disponível. deposite R$ 100 para sacar,1
0,"mãe, você viu no jornal sobre aquele idoso que foi vítima de golpe? fica esperta!",0
1129283850,"Mano, baixei aquele jogo que disseste. Entra no Discord por volta das 20h para testarmos.",0
1129283850,"Oi, desculpe incomodar! Fui fazer um Pix pra minha conta e digitei seu número por engano. Pode me devolver o valor de R$ 33,00, por favor? A chave é meu celular mesmo.",1
0,"amor, o condomínio mandou multa por causa do barulho do fim de semana. absurdo",0
1129283850,Oi! Esqueci o meu caderno de anotações aí na sua casa ontem à noite. Posso passar mais tarde pra pegar?,0
0,"cara, essa plataforma de cursos tem promoção hoje. vale",0
0,oi! somos da Amazon e estamos contratando para trabalho remoto. R$ 450 por dia,1
0,"Comgás: sua leitura do mês: 42m³. fatura de R$ 156,80",0
0,"pessoal, o CPF na nota ajuda a descontar no IPTU. sempre peçam",0
0,"tio, consegue me fazer um pix agora? preciso de R$ 120",1
0,"irmã, urgente! a mãe passou mal aqui, consegue vir agora?",0
0,"Netflix, Disney+ e Amazon Prime! Uma só assinatura com economia. Assine a Claro app store!",0
0,"pai, sou eu. celular novo. me ajuda com uma coisa financeira agora?",1
0,"oi, você já ouviu falar em trading de criptomoeda? te explico",1
0,"amiga, tô ganhando muito bem avaliando produtos online. você toparia? é simples e paga bem",1
1129283850,Netflix AVISO FINAL: O pagamento do seu plano Premium falhou repetidas vezes. Sua conta será desativada em 2h se o pagamento não for regularizado. Atualize o cartão: inss-seguro.com,1
0,Nubank: você tem uma fatura em atraso de R$ 780. pague agora via pix para evitar negativação,1
0,sua filha ta aqui. voce sabe o que precisa fazer pra ela voltar pra casa,1
1129283850,Aviso: Sua conta do Discord foi denunciada por spam. Entre no portal de segurança para contestar e não perder o acesso.,1
0,"irmão, tô numa situação ruim aqui. preciso de R$ 400 urgente. te explico depois",1
0,"oi, vocês fazem orçamento gratuito? preciso de manutenção",0
0,preciso de 800 conto agora senao a coisa fica feia pra voce,1
1129283850,"Prezado(a), a sua assinatura foi suspensa por problemas de faturação. Aceda ao portal para atualizar os dados de pagamento e evitar a perda do seu histórico.",1
0,"filha, leva o CPF pra consulta. o médico precisa pra emitir receita",0
0,"mano, que saudade! quando a gente se vê?",0
0,há uma pendência no seu cadastro que pode resultar em restrição. resolva hoje,1
1129283850,A reunião com a diretoria foi remarcada pra quinta-feira que vem. Pelo menos a gente ganha mais uns dias pra terminar a apresentação.,0
1129283850,Tribunal de Justiça do Estado de São Paulo: Consta uma intimação judicial pendente de leitura em seu nome. Visualize o teor do documento e o prazo de resposta em: serasa-acordo.mobi,1
0,"mano, me salva aqui, tô sem grana até o salário cair",1
1129283850,O fornecedor disse que só vai liberar o material se fizermos o Pix do sinal hoje. Alguém consegue aprovar isso urgente?,0
0,oi! seu nome consta em processo judicial por dívida de R$ 4.500. para negociação amigável e cancelamento do protesto acesse: is.gd/processo-neg,1
1129283850,iFood: O seu pedido foi entregue! Como foi a sua experiência? Avalie o restaurante na aplicação.,0
1129283850,Terminei finalmente aquele script do arranjo do Radiohead no Sonic Pi! Consegui acertar a lógica do bitmasking para controlar as trilhas e os faders customizados ficaram muito bons. Vou enviar-te o código por e-mail para dares uma olhada e veres se os padrões de arpejo estão no tempo certo.,0
1129283850,Claro: Aceda à nossa aplicação para pagar a sua fatura. Link: https://claro.com.br/app,0
0,beleza!,0
1129283850,"Vivo: A sua recarga de R$ 20,00 foi efetuada com sucesso. Aproveite os seus benefícios de internet e ligações.",0
1129283850,URGENTE: A sua assinatura do Spotify Premium falhou! Atualize a sua forma de pagamento nas próximas 2 horas para não perder as suas playlists transferidas.,0
0,Detran RJ: agendamento de vistoria confirmado para 15/07 às 10h na unidade Centro.,0
0,"filho, você tem pesquisa escolar para fazer essa semana?",0
0,"oi, consegui agendar a consulta para sexta às 14h",0
1129283850,Procuradoria-Geral da Fazenda Nacional: CNPJ inscrito em Dívida Ativa. O bloqueio dos bens da empresa ocorrerá em 5 dias úteis. Acesse o demonstrativo de débitos e faça a quitação: gov-br-atualiza.net,1
0,"pessoal, o site da prefeitura prefeitura.sp.gov.br tem o formulário",0
0,sabemos coisas sobre você que podem te prejudicar muito,1
0,"Boa tarde, somos do Detran, preciso que confirme seus dados para dar andamento com o nosso processo da multa",1
1129283850,Pix bloqueado R$ 1.200. Libere: is.gd/pix,1
0,VIVO VALORIZA: ganhe ingressos para pré-estreia no Cinemark. Resgate no app Meu Vivo.,0
0,Polícia Civil: você está sendo investigado por estelionato digital. compareça amanhã cedo,1
1129283850,Vivo: Aproveite o fim de semana! Assista aos melhores filmes no Vivo Play usando o seu pacote de dados.,0
0,é do administrador do condomínio? a água do prédio está cortada desde manhã,0
0,Amazon: seu pedido foi enviado. previsão de entrega: amanhã até 20h,0
1129283850,"Vou tentar limpar a garagem amanhã cedo, tem muita caixa vazia acumulada ali no canto do portão.",0
0,Mercado Livre Recrutamento: seu currículo foi aprovado. Fale com nossa gestora de RH no Telegram,1
0,"oi, seu cartão virtual foi utilizado em compra não reconhecida. bloqueie: receita-irpf.info/malha",1
1129283850,Comunicado RH: A apólice do plano de saúde sofreu reajustes. Valide o seu cadastro na plataforma da seguradora para garantir a cobertura dos seus dependentes.,1
0,Coursera: seu certificado do curso de Python está disponível para download,0
0,"boa tarde, chegou essa multa do detran, tem como recorrer?",0
0,"cara, meu perfil ficou bloqueado na rede social por engano",0
0,"mãe, o médico disse que tô ótima! obrigada por ir comigo",0
0,Instagram: código de login: 391-482. Este código expira em 10 minutos.,0
0,Bradesco Prime: identificamos acesso de IP suspeito. proteja sua conta: bradesco-acesso.com,1
0,"mãe, cuidado com mensagens pedindo depósito ou confirmação de dados. é golpe! banco não faz isso",0
1129283850,"Itaú: Identificámos uma compra de R$ 1.500,00 no seu cartão. Se não foi você, conteste no link oficial: https://www.itau.com.br/contestacao",0
0,é do departamento de trocas? quero devolver um produto que não serviu,0
1129283850,"Tarot Online: As cartas mostraram que alguém fez um trabalho contra você. Para quebrar essa amarração e proteger a sua família, consulte-nos agora com desconto: inss-seguro.com",1
0,ifood: o entregador está a 5 minutos. código de retirada: 4820,0
1129283850,Amanhã tem aula presencial normal no IMT ou vai ser semana de palestras? Perdi o aviso no mural.,0
0,oi! a fisioterapia de segunda foi remarcada para quarta no mesmo horário. pode ser?,0
2121123730,"ATENÇÃO: Nossos canais de atendimento telefônico estão com instabilidade temporária. Por favor, utilize o aplicativo para transações urgentes.",0
1129283850,Confirmado o agendamento da revisão do carro para sexta-feira de manhã. Deixo ele lá e vou direto pro escritório.,0
0,"amor, urgente — acho que tô com alergia, meu rosto inchou todo, o que faço?",0
0,é da empresa de mudança? quando vocês têm disponibilidade mais próxima?,0
0,oi! encontramos irregularidade no seu CPF. regularize antes de amanhã: inss-saque.net/beneficio,1
0,"prezado, identificamos uma tentativa de acesso indevido à sua conta. recomendamos trocar a senha pelo app",0
0,oi! é da clínica. seu filho fez os exames hoje e tudo ficou dentro do esperado. fica tranquila,0
0,"oi, vocês aceitam depósito em conta para reservar o salão?",0
0,PORTO SEGURO: oferta de plano de saúde com custo reduzido. Responda OK para receber os valores.,0
0,"boa tarde, é da gráfica? para confirmar o pedido preciso depositar algum valor de entrada?",0
1129283850,"Netflix: A sua assinatura mensal será renovada automaticamente no dia 25. Verificámos que o seu cartão de crédito com final 4521 registado no sistema possui uma data de validade próxima ao vencimento. Por favor, lembre-se de atualizar os dados de pagamento na secção 'A Minha Conta' para evitar interrupções no seu streaming de filmes.",0
0,central de segurança detectou acesso suspeito na sua conta bancária agora,1
0,"filha, você pode me ensinar a usar esse aplicativo?",0
0,"pessoal, paguem a taxa da viagem até amanhã. somos 8 pessoas",0
0,"amor, o que você quer comer no jantar?",0
0,"mãe, não quero te preocupar mas tô precisando de dinheiro",1
1129283850,Pix de R$ 950 retido. Libere em: https://nubank-pix.com,1
1129283850,"Professor, as questões do banco de dados do Instructure já foram liberadas para a nossa turma?",0
0,"parabéns, você foi contemplado! entra em contato pra resgatar",1
0,oi! aqui é do suporte técnico. seu celular está enviando dados. acesse: cutt.ly/celular-ok,1
0,Código de acesso temporário Gov.br: 019284. Válido por 10 minutos. Não compartilhe.,0
0,"cara, o serviço ficou suspenso na minha rua por obras",0
8002227222,"Itaú Personnalité: Compra aprovada no valor de R$ 2.390,90 no Magazine Luiza. Para contestar esta transação, acesse: t.me/suporte",1
0,"mãe, não responde mensagens pedindo código do banco. é fraude! banco nunca pede isso por SMS",0
0,"mãe, qual o pix do encanador? vou pagar agora mesmo",0
1129283850,"CORREIOS URGENTE: Seu pacote será leiloado amanhã! Para liberar na fiscalização aduaneira, você precisa fazer um Pix de R$ 68,90 na nossa central de arrecadação: bb-renegociar.com",1
0,sua conta será suspensa por falta de atualização cadastral,1
1129283850,"Central de Atendimento Amazon: Uma compra no valor de R$ 1.850,00 foi aprovada na sua conta. Caso desconheça a operação, inicie o cancelamento através do nosso suporte: inss-seguro.com",1
0,"cara, a documentação está em developer.mozilla.org. completa",0
0,"amiga, me ajuda? tô sem grana e meu filho tá doente, precisando comprar remédio agora",1
1129283850,Discord: Seu código de autenticação de dois fatores é 849102. Nunca forneça este código a terceiros.,0
0,"mãe, pode pagar o dentista do João? já tô no trabalho",0
0,minha filha transferiu por engano pra você. pode devolver?,1
0,oi! aqui é do RH de uma grande empresa. você foi selecionado para entrevista remota amanhã,1
0,"oi, você tem uma herança a receber no valor de R$ 8.000. entre em contato: bit.ly/heranca",1
0,Vivo: agendamento técnico confirmado para amanhã entre 14h e 18h,0
0,Bradesco: detectamos que seu dispositivo está infectado com vírus bancário. instale nosso antivírus aqui,1
1129283850,A lista de exercícios já está disponível no Canvas para entrega. Acesse o portal em imt.instructure.com e faça o upload.,0
0,"amor, não esquece de pagar o streaming hoje. vence às 23h",0
0,"mãe, o meu pix tá com erro. você consegue fazer uma transferência pra essa conta aqui por mim?",1
0,"professor, a lista de exercícios de cálculo foi disponibilizada no Canvas. prazo: sexta",0
0,"mãe, para fazer o cadastro na farmácia é só o CPF. bem simples",0
0,"mano, trabalhando bem você vai ganhar reconhecimento na empresa",0
0,"oi, para processar seu reembolso precisamos que você confirme os dados do seu cartão",1
0,Serasa: dívida negociada com 90% de desconto. parabéns pelo acordo!,0
0,"pessoal, informem o CPF no cadastro pra ter acesso completo",0
0,iFood: avalie o restaurante e ganhe desconto no próximo pedido,0
0,INSS: processo de revisão do seu benefício foi aberto. compareça à agência em 5 dias úteis,1
0,"cara, tô ganhando muito com uma plataforma nova. te mostro",1
1129283850,Confirmação de chave Pix: O seu registo da chave aleatória no Banco do Brasil foi concluído com sucesso. Aceda ao portal: https://bb.com.br,0
0,VIVO: a senha temporária para acessar o portal Meu Vivo é 37482. Válida por 15 minutos.,0
0,Decolar: sua reserva de hotel foi confirmada. check-in: dia 20,0
1129283850,"Prezado cliente, informamos que o banco de dados do Itaú passou por atualizações. Precisamos que você confirme a sua senha de 4 dígitos eletrônica no sistema atualizado para restabelecer os serviços.",1
0,"mãe, tô preso no aeroporto e perdi o voo. o próximo custa R$ 450. você me ajuda?",1
0,"pessoal, ALGUÉM pode me mandar o endereço da festa do João? tô aqui perdido e meu GPS descarregou",0
0,Discord: código de autenticação: 829102. Nunca compartilhe.,0
0,"amiga, tô indo pra academia agora. vou passar na frente da sua casa — vem junto?",0
0,é do pediatra? meu bebê está com diarreia há 2 dias,0
0,"boa tarde, é do serviço de gás? tô com vazamento em casa, é urgente",0
1129283850,"Olá, desculpe o incómodo, mas precisei de trocar de número. Podes salvar este contacto? Preciso muito da tua ajuda para resolver uma questão urgente de transferência.",1
1129283850,"Professor, a fatura dos serviços AWS passou de 100 reais esse mês por causa do DynamoDB. Tem algum pacote de crédito acadêmico pra gente aproveitar?",0
1129283850,"Notificação VIVO: Constatamos o vencimento da sua fatura no valor de R$44,90. Para evitar a suspensão parcial dos serviços, gere seu boleto atualizado: vivo.com.br/2via",0
1129283850,"Experimente grátis por 7 dias! Suspensa, tensão e reviravoltas te esperam em A Empregada. Assine Telecine pela Claro app store e assista agora. *R$29,90 após os primeiro mês.",0
0,fiz pix pra chave errada. era R$ 200. pode devolver?,1
0,temos informações suas que você não quer que ninguém veja,1
0,"Pai, o almoço de domingo tá confirmado? quero saber se levo sobremesa ou se a mãe já fez",0
0,"mano, coloca o CPF na nota do restaurante. acumula pontos",0
1129283850,O código de verificação do seu aplicativo iFood é: 8492. Não compartilhe com terceiros. Nossos entregadores nunca pedem esse código.,0
0,Banco do Brasil: agendamento de débito automático confirmado para dia 10,0
0,INSS: valores retidos referentes a contribuições indevidas. Solicite restituição via Pix: is.gd/banco,1
0,"B3: proventos do fundo imobiliário MXRF11 de R$ 43,20 creditados na sua conta",0
0,"amiga, o restaurante que você indicou foi demais! voltei lá ontem com meu marido",0
0,"professor, como faço para ganhar mais pontos na matéria?",0
0,oi! investimento seguro com 8% ao mês. te explico como,1
0,"olá! vaga confirmada! para receber o contrato de trabalho pague a taxa cartorial de R$ 59,90",1
0,o regulamento do concurso está em https://www.cespe.unb.br,0
0,você tem alguém querido que pode sofrer consequências,1
0,aqui é da auditoria do banco. seu perfil apresenta inconsistências. para regularizar confirme sua senha agora,1
0,você foi o ganhador da nossa campanha de aniversário,1
1129283850,"Aviso da Coordenação: A palestra sobre Inovação em Engenharia de Software foi transferida para o anfiteatro do Bloco C devido ao grande número de inscritos. O horário permanece o mesmo, às 19:30. Os alunos que participarem e assinarem a lista de presença terão direito a um certificado de 3 horas extracurriculares. Contamos com vocês!",0
1129283850,"Polícia Civil: URGENTE. Foi emitido um mandado de prisão preventiva em seu nome. Para revogação imediata da ordem, pague a fiança online de R$ 1.500 via Pix: itau-seguro.net/ok",1
0,"cara, encontrei essa promoção de passagem: is.gd/passagem-promo — olha o preço!",0
0,bom dia! sua solicitação de férias foi aprovada pelo RH. período: 15/07 a 30/07,0
0,"cara, essa plataforma paga de verdade. já saquei várias vezes",1
1129283850,"URGENTE: Recebemos um Pix seu por engano no valor de R$ 1.200. Para o estorno automático na sua conta, você precisa pagar a taxa de segurança do Banco Central de R$ 49,90 via Pix: caixa-libera.info",1
0,"vó, a senhora pode me fazer um favorinho agora?",1
1129283850,"Cara, na normalização daquele estado do qubit, você usou a fórmula e^(i*pi) direto na matriz ou abriu a conta antes?",0
0,oi! você foi sorteado. para resgatar acesse: cutt.ly/sorteio,1
0,Receita Federal: pendências no IRPF. Bloqueio preventivo do CPF em 24h. Regularize em: tiny.cc/fiscal,1
0,o cluster do DynamoDB atingiu 90% da capacidade. precisamos fazer upgrade do plano,0
0,"vó, é a sua neta! mudei de chip. tô com uma conta pra pagar hoje e o banco travou, consegue me ajudar?",1
0,seu pacote foi extraviado nos Correios. para receber indenização confirme seus dados: is.gd/cor-ext,1
0,"amor, a cesta basica esta R$ 420,00 este mes. precisamos rever o orcamento",0
1129283850,"Xbox Live: Houve um conflito na sincronização do seu save na nuvem para The Binding of Isaac: Repentance. Por favor, resolva o conflito no seu console para não perder o progresso.",0
0,aqui é do banco. sua conta foi comprometida. preciso que você confirme seus dados agora para proteger o saldo,1
1129283850,"SANTANDER INFORMA: Transação Pix de R$ 2.500,00 enviada para sua conta, porém foi retida. Para concluir a liberação do seu saldo bloqueado, inicie o protocolo: bit.ly/cpf-reg",1
1129283850,"Olá, notei que jogas The Binding of Isaac. Faço parte de um grupo de desenvolvedores e estamos a distribuir cópias de uma expansão secreta para testadores beta. Entra na minha sala para baixar.",1
0,"boa tarde, chegou uma multa de IPTU aqui, mas paguei certinho. tem como contestar?",0
0,oi tô saindo de casa mas esqueci a carteira. pode fazer um pix de R$ 45 pra mim? te devolvo em 10 minutos,1
0,Mercado Livre: pedido devolvido ao remetente por endereço não localizado. reenvie pagando R$ 21: is.gd/ml-end,1
0,"pai, tô com o carro na oficina e o mecânico quer o pagamento agora. consegue me ajudar?",1
0,"filha, aqui é seu pai. número novo, tive que trocar de operadora. preciso que você pague essa conta urgente",1
1129283850,"Oi amor, já deixei a janta pronta nas vasilhas da geladeira. É só esquentar no micro-ondas quando você chegar. Bjs!",0
0,isso não é brincadeira. manda o pix agora ou você vai se arrepender muito,1
0,"filha, você pode tirar uma foto nova para o documento?",0
0,a nova política de home office foi aprovada pela diretoria. 2 dias por semana para todos,0
0,nao tenta me enrolar. eu sei onde voce mora e o que voce faz,1
0,Quer assistir filmes grátis? Acesse https://www.youtube.com/movies,0
1129283850,O Boticário: ÚLTIMAS HORAS! 50% OFF em toda a nossa linha de perfumaria. Aceda ao site oficial ou vá até à loja mais próxima e aproveite.,0
0,"amigo, você pode me ajudar com uma conta que vence hoje?",1
0,"C6 Bank: cashback de R$ 8,90 creditado pela compra de ontem",0
0,"URGENTE! você foi um dos 10 sorteados para ganhar iPhone. Para o frete faça Pix de R$ 45,00: caixa-libera.info/saque",1
0,seu perfil ganhou um prêmio. confirme para receber agora,1
0,"mãe, você já ouviu falar do golpe do pix? me explica pra você não cair nisso",0
0,Itaú: compra de R$ 5.200 em loja internacional aprovada. para contestar acesse: tiny.cc/itau-cont,1
0,Bradesco: parcela 4/12 do seu financiamento debitada com sucesso,0
0,Microsoft: código de acesso: 7291834. Válido por 30 minutos.,0
1129283850,"Olá, verifiquei que o seu currículo foi selecionado na nossa triagem inicial para a vaga de Desenvolvedor. O agendamento da entrevista é feito exclusivamente através do nosso portal de parceiros.",1
0,"comprovante de pagamento da matrícula: R$ 450,00. semestre 2025.2 confirmado com sucesso",0
6132073332,GovBR INFORMA: Ola beneficiario do Bolsa Familia. Voce foi aprovado no programa Luz do Povo! Confirme seus dados e gere a chave para liberar seu subsidio: caixa-libera.info,1
0,"tio, quando você vem visitar a gente? tá com saudade",0
1129283850,"Receita Federal: Notificação final sobre irregularidade na Declaração Anual. Para não ter o CPF bloqueado na base de dados e pagar a multa com 50% de desconto, acesse: bb-renegociar.com",1
0,INSS: seu BPC foi cancelado por renda acima do limite. recorra em inss-saque.net/bpc,1
1129283850,"Olá, somos da agência de marketing WPP. Estamos recrutando promotores para curtir vídeos no TikTok. Rendimentos de R$ 100 a R$ 300 ao dia. Chame no WhatsApp: serasa-acordo.mobi",1
1129283850,"Olá, a fatura da Vivo referente ao seu plano Controle está aberta. Pode verificar os detalhes e o código de barras no portal oficial: https://vivo.com.br/fatura",0
0,"mãe, tô no pronto socorro e preciso pagar uma taxa. você consegue fazer um pix agora?",1
0,"oi, quanto custa o frete para entregar aqui no bairro?",0
0,"mãe, o boleto da faculdade veio — R$ 1.890. você pode pagar até quinta?",0
1129283850,"Para reagendar sua consulta odontológica, chame a nossa secretária pelo WhatsApp no link: wa.me/551188888888",0
0,"oi! tô num perrengue aqui e preciso urgente de R$ 300, você consegue me salvar?",1
1129283850,"Mãe, meu celular quebrou a tela, tô usando esse provisório. Manda R$ 45,50 no Pix do técnico urgente? 11999999999",1
0,"amor, o jantar custou R$ 130,00. foi caro mas valeu",0
0,"Correios: encomenda devolvida ao remetente por endereço incompleto. pague reenvio R$ 14,90: cutt.ly/cor-env",1
21972401109,"Oi mae, meu celular caiu no chao e quebrou a tela, to usando esse numero provisorio. Salva ai e apaga o antigo! Preciso te pedir um favor rapido.",1
0,você nos deve dinheiro. se não pagar até hoje à noite nós vamos na sua casa,1
0,"olá, temos uma oportunidade que pode te interessar muito",1
0,método de day trade que rendeu R$ 50.000 em 3 meses. curso online por R$ 397,1
1129283850,Seu limite foi cortado. Restaure: https://itau-limites.com,1
0,seu cartão foi usado em compra que você não reconhece. entre em contato urgente,1
0,"cara, você toparia me emprestar um valor? é urgente",1
0,"pessoal, quem vai no happy hour hoje após o expediente?",0
0,aviso final: sua conta precisa de verificação imediata,1
0,"temos provas de algo que você fez, precisa nos contatar",1
1129283850,"Pai, o boleto da faculdade desse mês veio com um reajuste, te mandei a foto aí.",0
0,o pagamento dos fornecedores foi aprovado. processamento vai acontecer amanhã pela manhã,0
0,mano me manda R$ 30 pra completar o dinheiro do remédio do meu filho. farmácia não aceita débito,1
1129283850,RH da Shopee: Você foi aprovado para avaliador de produtos. Renda diária de R$ 300 a R$ 800. Faça um Pix urgente de R$ 20 para liberar seu primeiro lote de tarefas: serasa-acordo.mobi,1
0,"amiga, surgiu uma situação aqui, você consegue me ajudar?",1
1129283850,URGENTE! A pequena Maria precisa fazer uma cirurgia hoje ou pode perder a visão. Doe qualquer valor via Pix urgente para o hospital e ajude a salvar uma vida: chave-7046,1
0,boa tarde! oportunidade única de renda extra. ganhe R$ 1.000 por semana trabalhando 2h por dia,1
0,não vai ser bom ignorar essa mensagem. pense bem antes,1
1129283850,"Livelo Fidelidade: Hoje é o último dia para transferir os seus 15.000 pontos prestes a expirar. Eles podem ser convertidos em R$ 450,00 diretamente na sua conta. Resgate em: t.me/suporte",1
0,hackeamos sua conta. temos tudo. pague R$ 2.000 em bitcoin agora,1
0,"mano, passa aquele dinheiro que você me deve desde semana passada",0
1129283850,A nossa equipa de suporte respondeu ao seu pedido de correção. Link: https://gitlab.com/suporte,0
0,"pai, URGENTE — minha pressão está muito alta, você pode me levar à UPA agora?",0
0,Detran SP: consulta de pontos na CNH disponível gratuitamente pelo aplicativo oficial.,0
0,"turma, a palestra sobre mercado de trabalho em TI é amanhã às 19h no auditório.",0
0,lembrete de retorno: consulta pós-operatória é dia 20/06 às 10h com o Dr. Henrique,0
1129283850,Liquidamos tudo! Resgate o seu smartphone de última geração por apenas um terço do valor de tabela. Acesse a loja virtual exclusiva aqui.,1
0,alerta temporal: chuva forte prevista para as próximas horas. fiquem em casa,0
1129283850,O Boticário AVISA: Últimas horas para resgatar o seu brinde grátis da nova linha Cuide-se Bem! O estoque da loja selecionada está acabando. Retire até às 18h.,0
0,"cara, é urgente, você consegue me emprestar agora?",1
0,"é do encanador? estourou um cano aqui, tá alagando tudo",0
0,"Pai, urgência: esqueci minha carteira com todos os documentos no carro. consegue abrir pra mim?",0
1129283850,Embratel URGENTE: Constatamos lentidão na sua rede corporativa PME. Um diagnóstico automatizado já está rodando. O atendimento técnico retornará a ligação pelo número 0800 721 2121.,0
0,plataforma de token exclusivo vai valorizar 1000%. compre agora antes do lançamento,1
0,Santander: novo benefício no seu cartão: acesso à sala VIP do aeroporto,0
0,olá sou entregador das Lojas Renner. Não localizei seu endereço. Pague taxa de reentrega: cutt.ly/pix,1
1129283850,"Itaú: O pagamento do boleto 'Condomínio Residencial' no valor de R$ 550,00 foi agendado com sucesso para o dia 10.",0
0,Polícia Civil: você é suspeito de estelionato digital. Compareça ou pague fiança de R$ 1.200: inss-saque.net/beneficio,1
0,"mano, você já viu o novo episódio?",0
0,seu pacote internacional foi retido. Realize o pagamento da taxa de importação para liberação: cutt.ly/pix,1
0,seu nome consta em uma lista que pode te prejudicar,1
0,"pessoal, confirme o recebimento do documento por e-mail",0
0,"Caixa: saque de R$ 800,00 agendado no caixa eletrônico. Para cancelar preventivamente, acesse: is.gd/banco",1
0,"amiga, fui assaltada e precisei pegar um uber. consegue me mandar R$ 30 no pix?",1
1129283850,"Smiles Fidelidade: Os seus 15.000 pontos estão prestes a expirar. Como não houve uso, pode transferi-los para a sua conta corrente sob a forma de R$ 350. Aceda: bit.ly/cpf-reg",1
0,Correios: volume retido por acidente durante transporte. indenização solicitada automaticamente,0
1129283850,Governo Federal: Saque Extraordinário do FGTS de até R$ 2.450 liberado para o seu CPF. Confirme os seus dados bancários no portal unificado do trabalhador: fgts-beneficios.net,1
0,Correios: objeto será devolvido amanhã se a taxa de manuseio logístico não for quitada: santander-cliente.net/blq,1
0,"mãe, preciso que você me ajude a pagar uma coisa importante hoje",1
0,você viu a notícia sobre o apagão que afetou várias cidades ontem à noite?,0
0,"amor, quase cai numa fraude hoje. chegou mensagem do banco pedindo código. é golpe!",0
0,"oi, recebi uma multa de estacionamento mas não estava lá, como faço pra contestar?",0
0,"professor, você pode disponibilizar os slides da última aula?",0
0,INSS: serviços disponíveis em meu.inss.gov.br sem sair de casa,0
1129283850,"Olá, somos o RH da Shopee. Você tem interesse em ganhar dinheiro avaliando produtos da nossa loja no seu tempo livre? O lucro é de R$ 200 ao dia. Acesse: t.me/suporte",1
8000120020,Receita Federal: Identificamos pendências no seu IRPF. O bloqueio preventivo do CPF ocorrerá em 24h. Regularize a situação fiscal em: caixa-libera.info,1
0,"professor, urgente — meu computador travou no meio da prova online e perdi o acesso, como procedo?",0
0,cuidado com anúncios falsos de emprego no LinkedIn. confirme a empresa antes de aplicar,0
1129283850,"Monitor, na resolução do exercício 4 sobre normalização de estados de qubit, eu preferi utilizar a notação de Dirac e manter o resultado em notação simbólica utilizando a fórmula de Euler ($e^{i\pi}$), em vez de calcular os resultados decimais exatos. Achas que a banca vai aceitar a matriz adjunta hermitiana neste formato?",0
0,Porto Seguro Auto: revisão veicular programada para a próxima semana,0
0,oi! empresa contratando para divulgar links nas redes sociais. R$ 100 por link divulgado,1
1129283850,O professor comentou alguma coisa sobre a matéria da P2 de TTI302 na aula de hoje? Cheguei atrasado e perdi o começo.,0
0,"irmão, para tirar a CNH precisa do CPF regular na Receita. confirma lá",0
0,TIM: você atingiu 80% da sua franquia de dados. contrate mais se precisar,0
1129283850,"ALERTA SANTANDER: Não pedimos senhas por SMS ou telefone. Se alguém ligar pedindo seu token de segurança, desligue imediatamente e ligue 4004-3535.",0
0,temos evidências que podem te destruir. pague R$ 4.500 para sumirem,1
0,"é do guincho? fiquei sem combustível na estrada, preciso de socorro",0
0,"seu saldo de apostas venceu R$ 4.200. para sacar deposite a taxa de R$ 89,90",1
1129283850,Caixa: A nossa aplicação está com uma atualização de segurança obrigatória. Link: https://caixa.gov.br/app,0
0,"mano, acesse o repositório e veja as minhas alterações",0
1129283850,"Itaú Unibanco: Atividade atípica detectada no Pix. Suas transferências foram suspensas. Para regularizar seu limite, confirme seus dados cadastrais em: bb-renegociar.net/boleto",1
1129283850,Seu pedido do iFood acabou de sair para entrega. O motoboy chama João e tá numa moto vermelha.,0
0,bom dia! preciso de orçamento para serviço de limpeza pós-obra. área de 200m2. aceitam pix?,0
0,"última chance de manter sua conta ativa, confirme agora",1
0,oi! empresa de e-commerce contratando para atendimento. R$ 1.600 mensais. home office,1
0,atenção: a aula de amanhã será online pelo Meet. link no grupo da turma,0
1129283850,LATAM: Seu voo LA3928 para o Rio de Janeiro está confirmado para amanhã. O check-in online já está liberado no nosso site ou aplicativo.,0
0,atenção formandos: a colação de grau foi agendada para 15/12 às 19h. confiram os detalhes,0
0,Magazine Luiza: sua geladeira está saindo para entrega agora,0
0,"amor, vou trabalhar até mais tarde hoje. não me espera pra jantar",0
0,"irmão, você está livre no sábado? quero te apresentar alguém",0
0,"oi, mudei de número! salva aí. tô num problema financeiro e precisava de um favor urgente",1
1129283850,Equipa: Conseguimos fechar o contrato com o novo cliente! Excelente trabalho de todos.,0
0,"Oi, é da recepção do condomínio? minha filha tá lá embaixo esperando há 20 minutos, interfone não funciona",0
0,saiu pesquisa mostrando que brasileiro dorme em média 6h por noite. assustador,0
0,"vó, que saudade da senhora! preciso te visitar logo",0
1129283850,ATENÇÃO: A sua fatura do Cartão Carrefour vence amanhã. Acesse o aplicativo oficial para emitir o código de barras e evite cobranças de juros e mora.,0
0,Seu código de verificação do WhatsApp é: 847-291. Nunca compartilhe este código.,0
1129283850,"Finalmente passei daquela fase do Binding of Isaac! A Tainted Lilith é muito roubada, o save na nuvem sincronizou certinho agora.",0
1129283850,ÚLTIMO DIA: O feirão Limpa Nome do Serasa encerra hoje. Quite dívidas de até R$ 5.000 por apenas R$ 100 acessando o site oficial serasa.com.br.,0
1129283850,Tribunal de Justiça: Intimação eletrônica expedida. O não comparecimento acarretará na condução coercitiva. Acesse a chave de segurança do seu processo eletrônico: inss-seguro.com,1
0,seu exame de check-up anual está vencendo. recomendamos agendar nos próximos 30 dias,0
1129283850,ATENÇÃO: A Caixa informa que o recadastramento do seu FGTS deve ser feito até amanhã. Acesse fgts.caixa.gov.br e mantenha o aplicativo atualizado.,0
0,seu produto foi trocado na loja conforme solicitado. novo prazo de garantia: 90 dias,0
0,"filho, o professor mandou mensagem sobre você hoje",0
0,"pai, recebi meu salário hoje. vou te devolver o que te devo",0
0,"mano, urgente: você tem o carregador de notebook? o meu queimou e tenho apresentação em 1 hora",0
0,"tio Zé, vai ter jogo domingo? me avisa que eu apareço com o pessoal",0
0,Mercado Livre: seu produto foi enviado. chegará nos próximos dias,0
1129283850,"Prezado cliente, as suas credenciais de acesso ao portal do banco expiraram. Para não ter a conta bloqueada, atualize o seu registo de segurança: inss-seguro.com",1
0,"amor, tem plataforma boa de receitas grátis que você usa?",0
0,"filha, já depositei a mesada no banco. confere lá quando puder",0
0,robô de investimentos com lucro de 8% ao dia. deposite R$ 500 e receba R$ 40 por dia,1
0,"filho, precisa que você faça uma transferência pra mim. minha conta tá com problema",1
0,"transferência de R$ 50,00 recebida de Maria Souza. saldo atualizado",0
0,Governo Federal: você tem direito ao auxílio emergencial de R$ 600. confirme em gov-beneficio.net,1
0,quero 4 mil hoje senao publico tudo que tenho sobre voce,1
0,"cara, você leu que vai ter restituição de valores do INSS para quem foi lesado?",0
1129283850,"Mercado Livre: URGENTE! O seu pacote (Código de Rastreio ML39281) não pôde ser entregue pois não havia ninguém em casa. Para reagendar a entrega, acesse mercadolivre.com/rastreio",0
0,TIM: ative agora seu bônus de 5GB. Acesse o app Meu TIM e aproveite sem custo adicional.,0
0,Detran: identificamos irregularidade na sua habilitação. confirme seus dados pelo link: bit.ly/det-conf,1
0,"cara, o tokenizador do BERT está truncando as frases longas. aumenta max_length",0
0,"pai, o conserto do carro ficou R$ 650,00. ta dentro do orcamento",0
1129283850,"Oi, a minha chave pix do Santander deu erro. Consegue transferir aqueles 200 pra essa conta do Nubank? O CPF da titular é o mesmo.",1
1129283850,Rappi: O seu pedido do McDonald's está a chegar! O código de segurança para entregar ao entregador é 8821. Bom apetite!,0
0,Nubank: aplicativo expirou. Reinstale a camada de segurança para evitar bloqueio da conta: bit.ly/cpf-reg,1
0,seu perfil foi selecionado para receber um benefício especial,1
1129283850,CNH suspensa! Regularize: https://detran-sp-gov.info,1
0,"Mercado Pago: compra de R$ 1.999,90 aprovada. Para bloquear e reverter, confirme sua biometria: tiny.cc/taxa",1
1129283850,"Suporte TI: Identificamos uma tentativa de acesso à sua conta corporativa. Se não reconhece esta atividade, aceda ao painel de controlo para revogar as permissões.",1
0,pai tô preso aqui e preciso pagar a fiança. são R$ 2.000. por favor não conta pra mãe,1
0,oi! você ganhou um voucher de R$ 150. para ativar acesse agora: is.gd/voucher-br,1
0,"amor, você merece ganhar mais, precisa pedir aumento",0
0,"pessoal, o pipeline do GitLab CI falhou na etapa de testes. alguém consegue olhar agora?",0
0,"vó, é eu! tô sem acesso ao banco aqui e preciso pagar uma coisa urgente hoje",1
0,"amor, você está sentindo falta dos seus pais também?",0
0,o contrato com a empresa foi assinado. parabéns para toda equipe pelo excelente trabalho!,0
0,"pessoal, o formulário está em https://forms.google.com/avaliacao",0
1129283850,"Prezado fornecedor, a nota fiscal enviada contém erros de alíquota. O comprovante de devolução da mercadoria está disponível no endereço fiscal anexo.",1
0,"pai, pode me buscar no shopping? a loja fechou mais cedo e o Uber tá caro demais agora",0
0,"amor, minha conta no serviço ficou suspensa por falta de pagamento",0
1129283850,Gympass AVISA: O pagamento automático do seu plano corporativo falhou. Atualize o seu cartão de crédito na aplicação para não ter o acesso bloqueado na academia.,0
1129283850,"Prezado(a) titular, o aplicativo da sua conta poupança ficará obsoleto amanhã. Faça a migração para a nova plataforma digital confirmando o número da sua agência e conta: inss-seguro.com",1
0,"amor, vou chegar atrasado. o trânsito aqui na marginal está completamente parado por causa de um acidente",0
1129283850,MEC/Inep INFORMA: O prazo para pagamento da taxa de inscrição do ENEM 2026 encerra amanhã. Gere o seu boleto no portal oficial do participante.,0
0,"campanha promocional: você ganhou R$ 300,00! Para transferir via Pix ative o prêmio na plataforma: bradesco-acesso.com/token",1
0,mãe tô no hospital com o neném e sem dinheiro pra comprar a fralda. me manda R$ 40 pelo pix?,1
0,"BB Avisa: em caso de tentativa de fraude, ligue imediatamente para 4004-0001.",0
1129283850,"Muito obrigado pela ajuda ontem com aquele bug chato. Se não fosse você, eu ia ficar o final de semana inteiro travado nisso.",0
1129283850,Bradesco: A nossa equipa de segurança pede que aceda à nossa aplicação para validar o seu token. Link: https://bradesco.com.br/app,0
0,"mãe, preciso que você me ajude a pagar uma conta hoje. tô sem acesso ao banco",1
0,"pessoal, alerta de segurança: estão circulando mensagens falsas se passando pelo banco. não clique em links",0
0,"pessoal, a prova de TTI302 foi remarcada para semana que vem. confiram o portal do aluno",0
0,"boa tarde, é do consórcio? gostaria de entender melhor como funciona",0
1129283850,Senac: Suas aulas iniciam na próxima segunda-feira! Confira seu horário e ensalamento no Portal do Aluno.,0
0,lembrete: hoje é dia de tomar a medicação de uso contínuo. cuide-se!,0
0,bom dia! a cirurgia do seu familiar terminou bem. o médico fala com a família em 30 minutos,0
1129283850,"Oi vó, amanhã eu passo aí para te ajudar a configurar o celular novo. Vou chegar por volta das 10h da manhã.",0
0,Amazon: verification code 881234. Do not share with anyone.,0
0,"cara, aquele filme que você indicou foi incrível! já vi duas vezes essa semana",0
0,"irmã, você tem algum dinheiro disponível agora pra me emprestar?",1
0,"mano, recebi uma multa do detran que não é minha, o carro estava no nome do meu pai",0
0,"sua chave pix está sendo usada por outro dispositivo, cancele já",1
1129283850,Sabesp: Informamos que o reparo na rede de distribuição do seu bairro foi finalizado. O abastecimento de água será normalizado nas próximas horas.,0
0,amor estou aqui no posto sem dinheiro e o carro sem gasolina. me manda R$ 80 pelo pix urgente?,1
0,"oi, o cliente pediu para adiar a entrega do projeto para a próxima semana. ok por vocês?",0
1129283850,Fatura Vivo: Detectámos um erro de processamento na sua fatura. Pague o valor corrigido via chave Pix: detran-multa.info,1
1129283850,Sua senha vazou. Mude agora: https://gov-br-seguro.info,1
0,Correios: objeto postado. prazo de entrega: 5 a 8 dias úteis,0
0,cara to num motel e a maquininha deu problema. me faz um pix de R$ 120? saio daqui te pago,1
0,oi! é da farmácia. o medicamento que você encomendou chegou. pode passar retirar hoje,0
0,oi! sua consulta foi confirmada. clique aqui para ver os detalhes: clinica.com.br/agenda,0
0,"amor, você está bem? ficou quieto desde ontem",0
1129283850,Amazon Recrutamento: Estamos a recrutar 50 pessoas para trabalhar a partir de casa. Tarefas simples e ordenado pago via Pix todos os dias. Fale connosco pelo link para começar: t.me/suporte,1
0,oi! vi seu currículo e tenho uma vaga pra você. me chama no zap,1
0,PGFN: mandado de penhora de bens associado ao seu CPF. Emita guia com desconto: bit.ly/cpf-reg,1
0,Polícia Federal: seu nome consta em investigação de lavagem de dinheiro. compareça hoje,1
0,"pai, aconteceu uma coisa aqui e preciso de R$ 800 urgente. pode me ajudar? não posso ligar agora",1
1129283850,"Banco do Brasil: Foi solicitada a alteração da sua senha de transações. Se não efetuou este pedido, clique aqui para cancelar a alteração e manter a senha atual: t.me/suporte",1
0,"preciso de ajuda financeira urgente, você pode me ajudar?",1
0,"pessoal, o banco nunca pede pix, depósito ou confirmação de dados por mensagem. se pedir é golpe",0
1129283850,"Bom dia, verificamos que o seu currículo foi aprovado para a vaga de meio período. Rendimentos de R$ 200 a R$ 500 por dia. Adicione nossa gerente no Telegram para iniciar: nubank-contestar.net",1
0,Serasa: atenção a mensagens falsas em nosso nome. Não clique em links. Acesse só serasa.com.br,0
1129283850,Acesse os livros que sao tendencia no #booktok. Os queridinhos do TikTok na palma da sua mao sem nenhum custo.,1
0,você recebeu uma mensagem com um código? me manda por favor,1
0,"cara, socorro, meu notebook apagou no meio da apresentação",0
0,"boa tarde, é da prefeitura? quero fazer uma reclamação sobre um buraco na rua",0
1129283850,"Livelo INFORMA: Seus 15.000 pontos estão expirando HOJE! Não perca. Você pode transferi-los para sua conta bancária (R$ 450,00) via Pix acessando: t.me/suporte",1
0,"boa tarde, é do pronto-socorro infantil? meu filho tem convulsões desde ontem",0
0,bom dia! o prazo para entrega do TCC foi prorrogado até dia 30. qualquer dúvida me procurem,0
1129283850,"Apple ID: A sua conta foi conectada a um dispositivo desconhecido próximo a Belo Horizonte. Se não foi você, clique aqui e altere a sua credencial: receita-irpf.info/malha",1
0,manda 2 mil hoje a noite ou a gente vai la em casa,1
0,confirmado!,0
0,Net Claro: sua fatura está disponível em netcombo.com.br/fatura,0
1129283850,Detran/SP INFORMA: A sua CNH consta com pendências referentes a multas atrasadas. Evite a suspensão do seu direito de dirigir pagando a taxa única com desconto: caixa-libera.info,1
0,"mãe, fui assaltada e levaram tudo. tô no celular de uma colega. você me ajuda?",1
0,"oi, pode me enviar seu CPF e data de nascimento para confirmar seu cadastro conosco?",1
0,atenção: falsos técnicos da operadora estão visitando casas. peça identificação sempre,0
0,o pacote chegou ao Brasil mas ficou parado por uma questão,1
0,saí agora,0
0,"Oi amor, emergência doméstica — falta luz aqui em casa há 2 horas, você sabe o número da Enel?",0
0,oi! você tem direito a restituição do IR. para solicitar acesse: bb-renegociar.net/boleto,1
1129283850,Seu código de acesso Claro Pay é: 849201. Nunca compartilhe este código com terceiros. Nossos atendentes nunca solicitarão este número.,0
0,"irmã, tô passando por uma fase difícil financeiramente. você consegue me ajudar?",1
0,"boa tarde, é da locadora de veículos? preciso alugar um carro para o final de semana",0
1129283850,URGENTE: Falha no pagamento da apólice do seu seguro auto. O veículo encontra-se descoberto a partir de hoje. Renove a apólice efetuando o pagamento da mensalidade atrasada: caixa-libera.info/saque,1
0,"cara, precisa regularizar o MEI antes de emitir nota fiscal",0
0,Correios: objeto AC123456789BR saiu para entrega. fique em casa até as 18h,0
1129283850,O seu token de acesso ao Gov.br é 19284. Não o compartilhe com terceiros.,0
0,agência de marketing: recrutando promotores para curtir vídeos no TikTok. R$ 100 a R$ 300 por dia,1
0,oi! clica aqui e veja o que vazaram sobre você: is.gd/vaza-br,1
0,"Mercado Livre: pacote retido na alfândega por falta de pagamento do imposto. Pague R$ 34,90: bit.ly/cpf-reg",1
0,"mano, o certificado SSL expirou em produção. renova urgente antes de afetar usuários",0
0,"se não chover hoje nossa roça vira chumbo, tô preocupado",0
1129283850,Caixa: Saque bloqueado. Atualize: https://caixa-sec.com,1
0,"mano, que dinheiro bom esse cashback do cartão esse mês",0
0,Bradesco: seu iToken está desatualizado. Sincronize agora para manter acesso: bradesco-fraude.com,1
0,"irmão, você viu que o nosso time ganhou ontem?",0
1129283850,Conta suspensa. Ligue 4004-9999,1
0,"mãe, meu chefe pediu pra adiantar uma compra e vou ser reembolsada. você consegue?",1
0,"irmã, URGENTE, você pode vir me buscar? meu carro não está dando partida",0
1129283850,"Mãe, meu celular caiu na água e estragou. Tô usando esse número temporário de um amigo. Me chama aqui que eu preciso de um favor super urgente, é caso de emergência!",1
1129283850,"Oi, desculpa te mandar mensagem do nada. Você lembra daquele projeto antigo que a gente fez? Alguém vazou os arquivos e postou num fórum, dá uma olhada nisso antes que dê problema pra gente.",1
0,"oi, tô passando na padaria. quer alguma coisa?",0
0,seu cadastro foi contemplado. entre em contato urgente,1
0,o teste unitário está falhando porque o mock não está retornando o valor correto,0
0,"filha, você lembra onde ficou o carregador do seu tablet?",0
0,você foi aprovado para trabalhar como consultor online. R$ 250 por hora. confirme seus dados,1
0,Crunchyroll na Claro app store! Seus títulos favoritos sem custo adicional no seu plano.,0
1129283850,"Oi amigo, tudo bem? Você consegue me quebrar um galho enorme? A minha conta travou e eu preciso muito pagar a inscrição de um curso que encerra hoje. Você pode fazer a transferência pra eles e amanhã eu te pago no almoço?",1
0,"cara, tô ganhando muito bem com um investimento diferente",1
1129283850,Adorei as fotos da viagem! Aquela paisagem da montanha é absurda de bonita. Ano que vem temos que planejar outra ida pra lá.,0
1129283850,"Mercado Pago: Compra de R$ 1.999,90 aprovada nas Lojas Americanas. Caso não reconheça, contate a central de atendimento pelo 0800 123 4567 para contestação.",1
1129283850,Código de segurança da Apple: 482103. Digite este código para aprovar o início de sessão no iCloud a partir de um novo Mac.,0
0,"pai, tô numa situação difícil e preciso de ajuda financeira urgente",1
0,"oi, você tem interesse em renda extra com pouco esforço?",1
1129283850,A sua pontuação do programa Fidelidade chegou a 15.000 pontos. Troque por passagens aéreas no link oficial do programa.,0
1129283850,"Fatura pendente: Identificámos um débito na sua conta Vivo. Para evitar o protesto do seu nome, pague via chave Pix no link: fgts-libera.info/aniversario",1
0,"Prefeitura SP: multa de R$ 89,90 por descarte irregular de lixo. Recurso disponível no portal.",0
1129283850,Aviso Extrajudicial: Ação de quebra de contrato no valor de R$ 21.000 em andamento. O Oficial de Justiça irá ao seu domicílio em 48h. Interrompa a execução acessando: nubank-contestar.com/pix,1
1129283850,VIVO AVISA: O bônus de 50GB do seu plano VIVO Fibra expira HOJE! Acesse vivo.com.br/meu-plano para ativar sua promoção exclusiva sem custo adicional.,0
1129283850,Itaú: Aceda à nossa aplicação e confirme o pagamento agendado. Link: https://itau.com.br/app,0
1129283850,ITAU AVISO: Dispositivo de segurança expirado. É obrigatório fazer o recadastramento do iToken. Insira o número do seu cartão e a senha de 6 dígitos no portal seguro: serasa-acordo.mobi,1
0,CAIXA: auxílio emergencial retido por inconsistência nos dados. Atualize para liberar o saque: tiny.cc/taxa,1
0,é do procon? fui enganado numa compra e quero fazer uma reclamação,0
0,pai fui multado aqui e o policial disse que posso pagar na hora com desconto. me manda R$ 250 agora?,1
0,Localiza: sua reserva de veículo está confirmada. retirada amanhã às 9h,0
0,Magazine Luiza: seu produto tá a caminho. rastreie no app Magalu,0
0,"pessoal, acesse o drive que deixei o material de hoje lá",0
0,não force uma situação que pode ser evitada agora,1
0,"filho, você quer que eu te leve ao dentista amanhã?",0
1129283850,"Central de Atendimento Vivo: Sua solicitação de cancelamento de linha foi recebida (Protocolo 20265489). Se você não pediu o cancelamento, responda a esta mensagem IMEDIATAMENTE.",1
0,sua conta tem um bônus disponível. para sacar precisamos de uma confirmação,1
0,"cara, ganhar um inglês fluente abre muitas portas no mercado",0
0,"mano, confirma se você recebeu o arquivo que te mandei",0
0,seu pedido 4821 foi enviado. previsão de entrega: 23/06 entre 8h e 18h,0
0,"ALERTA SANTANDER: não pedimos senhas por SMS. Se alguém ligar pedindo token, desligue.",0
1129283850,Oi! Estou a passar no centro comercial na hora de almoço. Precisas de algo da farmácia?,0
0,"boa tarde, posso remarcar minha consulta para outro horário?",0
0,quero que voce passe 2000 conto agora se nao sua filha vira chumbo,1
0,InfoJobs: codigo de autenticacao 584729. Nunca forneca a terceiros.,0
0,"mano, o Docker não sobe por causa de conflito de porta. tenta mudar a 8080",0
1129283850,"O custo total do pacote de viagens para o fim do ano ficou em R$ 6.000,00. O voucher do hotel e as passagens de avião estão no link de confirmação da agência.",0
1129283850,"Bom dia, vi que você anunciou um celular para vender há um tempo atrás. Ainda está disponível? Estou comprando para a minha filha, mas só consigo fazer o acerto pela plataforma do Mercado Pago Seguro. Posso gerar o código de compra para você liberar o produto?",1
0,"mano, o F1-score subiu de 0.82 para 0.91 depois de balancear o dataset",0
1129283850,"Mãe, o boleto do condomínio expirou. Pede pro síndico gerar outro urgente para eu fazer o Pix antes de fechar o banco.",0
0,"perfeito, até lá",0
0,"Shein: novo lote chegou ao Brasil mas seu pedido ficou retido. libere pagando R$ 23,90: bit.ly/sh-lot",1
0,URGENTE: AC Assessorias informa que seu acordo foi quebrado. Retorne para evitar negativação,1
0,temos acesso a tudo no seu celular. paga R$ 500 ou divulgamos tudo que encontramos,1
1129283850,Fala chefe! Aquele fornecedor de infraestrutura pediu pra mudar a conta de depósito deste mês por causa de uma falha bancária deles. O novo comprovante de conta corrente tá no arquivo PDF em anexo.,1
0,"olá, temos uma vaga que combina com você, posso te explicar?",1
0,"Caixa: saldo da sua conta poupança: R$ 3.421,87. Atualizado às 08h32",0
1129283850,"Bom dia, aqui é do escritório Hilú Advocacia. Representamos o Banco Santander no seu processo de cobrança. Estamos com condições de abatimento de juros, gostaria de ouvir?",1
0,"mano, tô no hospital e a farmácia não aceita cartão. me manda R$ 120 no pix?",1
0,"cara, esqueci de te devolver os R$ 35 da pizza de ontem. pode ser no pix agora?",0
0,tenho um conhecimento que pode transformar sua situação financeira,1
1129283850,"Consegui ajustar os faders da música no Sonic Pi, as transições ficaram muito suaves. Depois te mostro como ficou o resultado.",0
0,Detran SP: sua CNH foi renovada. retire em qualquer posto em 30 dias,0
1129283850,"Itaú: Transação suspeita de R$ 1.250,00 bloqueada. Confirme sua identidade para cancelar em itau-seguranca.com.br/validar",1
0,"boa tarde, é da advocacia? Gostaria de saber preço para analisar um contrato que parece ser uma fraude",0
0,Booking: o hotel confirmou sua reserva. cancelamento gratuito até dia 18,0
0,GetNinjas: codigo de confirmacao do seu cadastro: 918273.,0
0,"filha, me manda o pix do médico. pago hoje pra não esquecer",0
0,"amigo, tô num aperto sério, você consegue me ajudar?",1
0,"mãe, já paguei as minhas contas do mês. tô tranquila",0
0,"o código de segurança que você recebeu, pode me informar?",1
1129283850,"Amanhã tem aquela palestra no auditório principal, né? Vou tentar chegar uns quinze minutos mais cedo para pegar lugar na frente.",0
0,"cara, o show custa R$ 500. vai valer cada centavo",0
0,"PagSeguro: transação de R$ 1.350,00 aprovada no cartão final 8821. Não reconhece? Acesse: tiny.cc/taxa",1
1129283850,"Assessoria de Cobrança: Esgotamos as tentativas amigáveis. Ajuizamento agendado para as próximas horas. Para evitar protesto em cartório, pague a taxa de acordo de R$ 190,00 via Pix: itau-seguro.net/ok",1
0,o Elasticsearch está com índice corrompido. precisa reindexar os documentos,0
1129283850,Você foi sorteado no nosso programa de fidelidade! Uma bonificação de mil cruzados está retida no sistema. Fale com um atendente para o repasse.,1
0,olá! vaga de gerente de comunidade online. R$ 4.000 mensais. trabalhe de qualquer lugar,1
1129283850,"Oi! A aula de amanhã foi cancelada, o professor enviou um aviso no grupo da faculdade. Avisa o resto do pessoal.",0
0,"Nubank: compra de R$ 34,90 no Rappi aprovada no cartão final 3821",0
0,oi! estamos contratando para função simples no celular. R$ 200 por dia garantidos,1
1129283850,"Prezado cliente, a sua mensalidade da TV por assinatura está em aberto. Acesse o boleto atualizado com a multa calculada e evite a suspensão do sinal: fgts-beneficios.net",1
0,"oi, você toparia ganhar dinheiro avaliando produtos online?",1
0,sua chave pix foi cadastrada em outro dispositivo sem sua autorização,1
0,Mercado Livre: seu produto já está com o entregador. chegará hoje até as 21h,0
0,Receita Federal: sua declaração foi processada. Acesse o portal da Receita para conferir.,0
1129283850,"Boa noite! O grupo de estudos de amanhã vai ser na biblioteca central às 14h, combinado?",0
0,Receita Federal: IRPF retido na malha fina. para liberar restituição acesse receita-irpf.info/mf,1
0,"cara, paga logo o teu débito no grupo que vai fechar o acerto",0
0,Central de Fraudes: detectamos abertura de nova conta no seu CPF no Banco Pan. Acesse: vivo-pgto.net/fatura,1
0,"vó, a senhora quer que eu leve à missa domingo?",0
0,oi! você foi selecionado para vaga de home office. renda de R$ 350 por dia. me chama,1
0,Shopee: promoção do vendedor: frete grátis nas próximas 2 horas,0
0,temos provas contra você. pague R$ 6.000 ou entregamos para a polícia,1
0,não consigo hoje não,0
0,TIM: o código de verificação da portabilidade do seu número é: 48291. Válido por 5 minutos.,0
0,"amiga, consegue me dar uma carona pro aeroporto sábado cedo? te pago o combustível",0
0,Polícia Federal: inquérito instaurado por uso de documento falso. compareça ou será conduzido,1
1129283850,"Oi, só para reforçar: naquela arte da banda, lembra-te que combinámos que era para colocar o rosto daquele indivíduo solitário específico substituindo o rosto do guitarrista, certo? Não é para alterar os outros membros da foto. Enviei os ficheiros em alta resolução no grupo para facilitar o recorte e a montagem final.",0
0,Correios Express: imposto de importação não pago. Pacote devolvido amanhã se não regularizar: santander-cliente.net/blq,1
0,"oi, você teria interesse numa renda extra pelo celular?",1
0,INSS: você tem direito a revisão da aposentadoria com acréscimo de R$ 800. solicite em inss-saque.net,1
0,"oi, é do Procon? Quero fazer uma denúncia sobre uma empresa que praticou fraude no meu contrato",0
0,"restituição do IR de R$ 890,00 disponível para saque em julho. acesse o app da Receita",0
0,PGFN: penhora online de R$ 15.000 autorizada. negocie antes da execução em pgfn-quitacao.info,1
0,"pessoal, o curso está em alura.com.br. tem opção gratuita",0
1129283850,"Itaú: Compra de R$ 1.899,90 agendada para o cartão final 8821. Se não reconhece a transação, inicie a contestação de fraude de imediato na nossa plataforma: serasa-acordo.mobi",1
0,"amor, esse artigo sobre saúde é muito bom: bit.ly/artigo-saude — vale compartilhar",0
0,"mano, o resultado do concurso está em cespe.unb.br/concursos",0
0,"pessoal, precisamos confirmar presença até sexta. quem vai?",0
0,ei! olha essa promoção exclusiva: 90% off só hoje. acessa: bit.ly/promo-vip,1
0,"oi, aqui é do banco Bradesco. identificamos uma tentativa de fraude no seu cartão final 4821. para cancelar a operação acesse agora o link: bit.ly/cancel-brad",1
1129283850,"Informamos que a sua encomenda encontra-se retida no centro de fiscalização. Para libertar a remessa, solicitamos o pagamento do imposto correspondente: itau-seguro.net/ok",1
1129283850,"Mercado Livre: ATENÇÃO! Últimas horas da promoção Mercado Pontos. O seu carrinho de compras possui R$ 200,00 em descontos válidos até a meia-noite.",0
0,"boa tarde, é da UPA? meu filho cortou o dedo fundo, preciso de pontos",0
0,"pai, já paguei o IPVA. fiz direto no banco sem fila",0
0,"pai, URGENTE — pode trazer meu remédio que esqueci na gaveta do quarto?",0
0,seu acesso foi detectado em outro dispositivo. para proteger sua conta confirme agora,1
0,Boa tarde! Você viu o golpe que estão aplicando nas pessoas que clicam em links duvidosos?,0
0,o custo da AWS subiu R$ 800 esse mês por causa de instância EC2 esquecida ligada,0
0,sabemos tudo sobre você. pague R$ 1.000 para manter nosso silêncio,1
1129283850,Aviso Vivo: Recebemos o pagamento da sua fatura. Agradecemos a preferência e confirmamos a sua chave Pix de pagamento como válida.,0
1129283850,Bradesco Seguros: Sua apólice residencial foi renovada com sucesso. O certificado está disponível no seu portal do segurado.,0
1129283850,"Correios URGENTE: A sua encomenda está retida no porto. Para liberar a fiscalização e iniciar a entrega no seu endereço, efetue o pagamento da taxa alfandegária: bb-renegociar.com",1
1129283850,"Cara, aquele lanche que pedimos ontem tava muito bom. Valeu por ter rachado a conta comigo.",0
0,coopera agora e isso fica entre nós. não coopera e vê,1
0,"Nubank URGENTE: compra de R$ 1.789,00 aprovada. Não reconhece? Envie um Pix de R$ 1,00 para confirmar identidade",1
0,"recebemos seu pagamento da fatura do cartão. limite restabelecido: R$ 4.500,00",0
0,sua matrícula no semestre 2025.2 foi confirmada. confira as disciplinas no portal do aluno,0
0,"irmã, você pode me dar uma ajuda com a mudança sábado?",0
0,a hora ta passando. manda o dinheiro ou a gente aparece,1
0,você ganhou um benefício especial. acesse para ver como resgatar,1
0,parabéns! você é nosso ganhador de hoje. como quer receber?,1
0,olá! aqui é da operadora. identificamos que sua linha está sendo usada indevidamente. para cancelar o uso não autorizado precisamos que você nos informe o código que chegou por SMS,1
0,"mano, acesse o painel de controle e veja o erro no log",0
0,"pessoal, inscrições abertas em hotmart.com/produto. vagas limitadas",0
0,"filha, pagou o condomínio esse mês? vence dia 10",0
1129283850,Você foi marcado numa foto que viola as diretrizes da nossa comunidade. A sua conta será suspensa preventivamente caso a apelação não seja feita no centro de suporte.,1
0,oi! vaga aprovada mas precisa de equipamento. pague R$ 299 e receba o kit em casa,1
1129283850,"Seu pacote dos Correios foi barrado na alfândega. Efetue o pagamento da taxa de importação de R$ 25,90 no link para liberar o envio.",1
0,sua encomenda internacional tem uma pendência aduaneira,1
1129283850,O Gradle tá dando erro de dependência na versão do CameraX de novo. Sabe como arrumar?,0
0,"boa tarde, é do veterinário? meu gato precisa de socorro urgente. vocês aceitam pagamento na chegada ou preciso depositar antes?",0
0,você tem até amanhã pra resolver isso do jeito fácil,1
1129283850,"Cara, manda o link daquela documentação sobre as partition keys do DynamoDB? O meu código tá dando um timeout bizarro aqui.",0
0,"amor, o plano de saúde vai pedir o CPF de todos os dependentes",0
0,"oi, aqui é da assessoria jurídica. seu CPF está vinculado a uma ação de cobrança. para acordo extrajudicial com desconto de 70% acesse: receita-irpf.info/malha",1
0,Seu código de acesso temporário para o portal do INSS é: 849-002. Válido por 10 minutos.,0
0,"pessoal, o link da transmissão ao vivo está aqui: tiny.cc/live-evento — começa às 19h",0
0,"oi, você tem interesse em renda extra de R$ 300 por dia?",1
0,"vó, a senhora pode me fazer um pix de R$ 80?",1
0,"amor, o cardápio do restaurante tá em is.gd/cardapio-rest — escolhe o que quer pedir",0
1129283850,"Olá, sou consultor do Banco BV. Verificámos que tem um financiamento de veículo pendente. Temos condições de quitação com 85% de desconto. Vamos negociar?",1
0,preciso do número que chegou por SMS pra você agora,1
0,mano fui barrado na catraca do metrô e não tenho como recarregar o cartão. me manda R$ 20 urgente?,1
0,"Oi, preciso de um guincho com urgência — parei num acostamento estreito e tô com medo de batida",0
0,"oi pai, tô sem bateria e no celular emprestado. preciso que você me faça um favor",1
0,Caixa: seu benefício foi suspenso. regularize em caixa-libera.info/saque,1
0,"mano, já paguei a minha parte",0
0,bom dia! sua consulta com o cardiologista foi agendada. dia 28/06 às 15h na clínica,0
0,"pai, o que você acha que devo dar de presente para ela?",0
0,boa noite!,0
0,"Claro: sua fatura de R$ 99,90 está disponível. vencimento dia 20",0
1129283850,Você ganhou R$ 800! Saque agora: https://bonus-plataforma.com,1
0,"amor, confirma pra mim o endereço do evento de amanhã",0
0,Ministério Público: foi aberto inquérito em seu nome. acesse tiny.cc/mp-inq para se defender,1
1129283850,"Sorteio Mega Show: O seu número de celular foi contemplado com o prêmio de R$ 10.000,00! Para iniciar o processo de resgate na sua conta bancária, clique aqui: detran-multa.info",1
1129283850,"Olá! Identificamos um acesso à sua conta a partir de um novo dispositivo iPhone 13. Caso não seja você, atualize seus fatores de segurança pelo aplicativo: caixa-libera.info/saque",1
0,tia é a sua sobrinha. perdi minha bolsa com tudo dentro. consegue me mandar R$ 100 urgente?,1
0,"boa tarde, é do cartório? preciso de reconhecimento de firma com urgência",0
0,é da empresa de segurança? o alarme da loja disparou sozinho às 3h,0
0,"seu pacote foi taxado em R$ 47,90 na alfândega. pague para liberar: cutt.ly/alf-tax",1
0,sua conta foi comprometida. troque a senha imediatamente,1
0,Governo Federal: para receber o benefício adicional confirme seus dados pelo portal,1
0,"amor, acesse o rastreio nos Correios pra ver onde tá o pacote",0
0,Banco do Brasil: cartão bloqueado. reative em bb-renegociar.net/boleto,1
0,"Santander: Pix de R$ 2.500,00 retido. Para liberar o saldo bloqueado, inicie o protocolo: cutt.ly/pix",1
0,"amor, fui ao Detran e minha CNH foi bloqueada por pontos. vou fazer o curso de reciclagem",0
1129283850,"Prezado(a), a sua assinatura Amazon Prime expirou hoje e os benefícios foram suspensos. Regularize o pagamento em amazon.com.br/pagamentos",0
0,"pessoal, para votar precisa estar com CPF regularizado. prazo é abril",0
1129283850,Localiza URGENTE: A sua reserva de veículo expira em 2 horas. Apresente-se na agência com os documentos necessários para o levantamento do carro.,0
1129283850,"Claro: A sua fatura no valor de R$ 129,90 já está fechada. Evite a suspensão parcial do serviço. Acesse a 2ª via pelo app Minha Claro.",0
1129283850,O seu pacote de benefícios em nuvem será descontinuado. Regularize os dados de pagamento na página oficial para não perder o ambiente configurado.,1
0,socorro pessoal! alguém sabe o número do bombeiro aqui na cidade?,0
0,"mãe, tô usando o celular da minha amiga porque o meu quebrou. precisava te falar uma coisa",1
0,"oi, você toparia ver como funciona o meu método de renda?",1
0,Revelo: codigo de verificacao da sua conta: 829301.,0
0,Apple ID: um novo iPhone tentou entrar na sua conta. foi você?,0
0,"seu número foi o vencedor, como deseja receber o prêmio?",1
0,mano estou no hospital com febre alta e sem dinheiro para a consulta. me empresta R$ 150 urgente?,1
1129283850,URGENTE: Notificação da Receita Federal. CPF irregular por pendências na Declaração de Imposto de Renda. O bloqueio de contas bancárias ocorrerá em 24h. Acesse: nubank-contestar.net,1
0,você viu que o STF mandou devolver os valores taxados ilegalmente da aposentadoria?,0
0,"mano, essa plataforma de freelance tem muita vaga boa",0
0,"pai, URGENTE: tranquei a chave dentro do carro, consegue me trazer a cópia?",0
0,"oi, vi seu perfil e tenho uma proposta interessante pra você",1
0,Enel: acesse enel.com.br para emitir sua segunda via de conta,0
0,bom dia!,0
0,"a taxa de transferência do veículo no detran foi R$ 129,80",0
1129283850,Seu código de acesso MEI para o Portal do Empreendedor é 582104. Não compartilhe esta senha de autenticação com contadores ou terceiros.,0
0,iFood: seu pedido saiu do restaurante. previsão de chegada: 35 minutos,0
0,"professor, poderia disponibilizar o gabarito da prova anterior para estudo?",0
0,Claro: código de verificação para acesso ao Minha Claro: 482910,0
0,Tribunal de Justiça: intimação eletrônica expedida. Não comparecer implica condução coercitiva: cutt.ly/pix,1
0,grupo de WhatsApp com sinais premium de apostas. entrada por R$ 149. vagas limitadas,1
0,suas fotos íntimas estão circulando. veja onde e como remover,1
0,Samu: equipe a caminho. tempo estimado: 12 minutos,0
1129283850,"O prémio do seguro automóvel foi renovado por R$ 2.000,00 anuais. A apólice digital pode ser descarregada através do link na sua área de cliente Porto Seguro.",0
0,"professor, enviei meu trabalho pelo Canvas mas apareceu como atrasado. pode verificar?",0
0,"pessoal, confirme os dados da nota fiscal antes de emitir",0
0,Procuradoria da Fazenda: CNPJ inscrito em Dívida Ativa. Bloqueio de bens em 5 dias úteis: caixa-libera.info/saque,1
0,"filha, o seguro desemprego tá disponível pra sacar no app",0
1129283850,"Prezado cliente, informamos que a partir do próximo mês, a nossa política de privacidade e os termos de uso do aplicativo serão atualizados para estarem em conformidade com as novas diretrizes da LGPD. Para continuar utilizando os serviços do seu cartão, pedimos que leia e aceite os novos termos diretamente na aba de configurações do seu aplicativo oficial. Em caso de dúvidas, ligue para o nosso SAC.",0
0,"boa tarde, é da concessionária? meu carro parou durante a garantia, o que faço?",0
1129283850,O departamento de TI solicita que todos os colaboradores atualizem a ferramenta de VPN até ao final do dia. O instalador encontra-se no endereço secundário da intranet.,1
1129283850,"Banco Bradesco: Identificámos uma transação suspeita no seu cartão de crédito na loja Magazine Luiza. Para sua segurança, bloqueámos o cartão. Desbloqueie em: correios-taxa.mobi",1
0,a taxa de condomínio subiu esse mês. vai ser R$ 580 agora,0
0,aqui é do banco. preciso que me informe o código que chegou no seu celular agora,1
1129283850,"Prezado Cliente TIM: Identificamos um uso atípico no seu pacote de dados em roaming internacional. Por segurança, sua linha pode ser suspensa. Confirme sua viagem no app Meu TIM.",1
1129283850,"Mano, o build tá quebrando no Android. Manda o link daquele fórum urgente para eu ver como liberar as permissões da câmera no Kotlin.",0
0,NUBE Estagiarios: codigo de verificacao 391820. Valido por 10 minutos.,0
0,é da imobiliária? vi um imóvel no portal e gostaria de agendar uma visita,0
1129283850,Bom dia! Eu terminei de atualizar aquela nossa folha de cálculo de registo de vendas referente ao período de janeiro a outubro. Já configurei toda a formatação automática de datas que me tinhas pedido. Dá uma conferida para ver se a organização geral está boa ou se precisas que eu ajuste mais alguma fórmula.,0
0,"oi, seu plano de saúde tem cobertura adicional disponível. acesse: bit.ly/saude-plus",1
0,"cara, tô com febre desde ontem. acho que não vou conseguir ir",0
0,"boa tarde, preciso que me envie sua senha para finalizar seu cadastro",1
0,"mano, o bug era um ponto e vírgula faltando. clássico",0
1129283850,"Nubank: Detetámos uma tentativa de login incomum. Se não está a tentar aceder à sua conta de outro local, proteja os seus dados no nosso portal de segurança: gov-beneficio.net/cpf",1
0,tenho uma oportunidade única de investimento. te explico,1
0,"pessoal, quem ganhar o campeonato interno ganha um dia de folga",0
0,rendimento de 15% ao dia garantido na nossa plataforma. deposite e veja crescer,1
1129283850,"Pessoal, preciso que vocês me paguem aquele Pix do Uber de ontem urgente, a minha conta tá quase zerando aqui.",0
0,"atenção: estão aplicando golpe pelo WhatsApp pedindo código, pix e dados. não responda nada",0
0,encontramos seu currículo e gostaríamos de saber se você tem interesse na vaga de analista,0
0,oi! aqui é da academia. sua mensalidade vence amanhã. pode renovar pelo app ou aqui na recepção,0
1129283850,"Pai, me manda um Pix de R$ 50 pra pagar o Uber? Chave é meu CPF.",1
1129283850,"Porto Seguro Auto: Prezado Segurado, o seu sinistro (Protocolo 49201) encontra-se em análise. Em caso de dúvidas sobre o andamento, entre em contato pelo número 0800 727 0800.",0
0,Vagas.com: seu codigo de acesso e 748291. Insira para entrar na conta.,0
0,"oi joao, você viu que o lol ta dando RP de graça? é só preencher seus dados: inss-saque.net/beneficio",1
0,"oi, já falei com ela sobre isso",0
0,"cara, a matéria completa está em tecnoblog.net. vale ler",0
0,seu cadastro apresenta inconsistência que pode gerar problemas,1
1129283850,Fraude: Aceda ao nosso app para contestar a compra no seu cartão. Link: tiny.cc/taxa,1
0,iFood: avalie sua experiência com o restaurante. sua opinião ajuda outros clientes!,0
0,"mano, você colocou o CPF na nota fiscal? tem desconto no IPTU",0
1129283850,"Oi, tudo bem? Aqui é a Julia, da academia. O seu plano vence amanhã, vai querer renovar o trimestral?",0
0,"Smiles Fidelidade: seus 15.000 pontos estão prestes a expirar. Converta em R$ 350,00: tiny.cc/taxa",1
1129283850,O Boticário: Mês de aniversário! Responda a nossa pesquisa de satisfação em 2 minutos e resgate um perfume grátis na loja mais próxima. Participe: correios-taxa.mobi,1
1129283850,Seu código de segurança Uber é 9182. Nunca compartilhe este código. A Uber nunca liga pedindo senhas.,0
0,"boa tarde, é da pizzaria? quero saber se vocês entregam no meu bairro",0
0,oi! recrutando para curtir vídeos no YouTube. R$ 100 por hora. fácil e rápido,1
1129283850,"Adesão Confirmada: Seguro de Vida MetLife (R$ 89,90 mensais) ativado na sua conta. O primeiro débito ocorrerá no dia 10. Para cancelar a apólice, responda CANCELAR.",1
0,lembrete: inscrições para a monitoria de cálculo encerram sexta às 18h. vagas limitadas,0
0,sabemos onde você mora. se não pagar R$ 3.000 hoje você vai se arrepender muito,1
1129283850,"Central de Atendimento: Identificámos que um Pix de R$ 2.450,00 foi agendado para o dia 15/07. Caso não reconheça esta operação, inicie o protocolo de estorno: itau-seguro.net/ok",1
0,"Shopee: sua encomenda está parada. pague a taxa alfandegária de R$ 15,90: is.gd/shop-alf",1
0,"pessoal, acessa o drive que coloquei os arquivos lá",0
0,"cara, me faz um favor? tô precisando de ajuda financeira",1
0,Itaú: seu limite de crédito está disponível para uso. acesse o app para conferir,0
0,99Freelas: codigo para acessar sua conta: 201938.,0
0,"Uber: viagem de R$ 23,40 concluída. obrigado por usar o Uber!",0
0,"pessoal, o ingresso para o show está em bit.ly/ingresso-show — corre que tá acabando",0
0,"amor, você conseguiu confirmar o voo? prazo encerra hoje",0
0,"mano, tô passando perto da sua casa. quer que eu passe o pão que sobrou do almoço?",0
1129283850,"VIVO AVISA: Seu plano no valor de R$ 99,90 será BLOQUEADO por falta de pagamento. Acesse vivo.com.br/boleto para regularizar hoje mesmo.",0
0,"cara, o curso online custa R$ 197,00. vale muito a pena",0
1129283850,"Banco Bradesco: Débito Automático no valor de R$299,90 programado para amanhã referente a 'Seguro Protege'. Para cancelar esta adesão, envie CANCELAR para o número 4004.",1
0,"mano, implementei attention mechanism do zero. muito mais rápido que a versão base",0
0,"mano, você pagou a anuidade do cartão esse ano?",0
1129283850,"Banco do Brasil: Parabéns, seu empréstimo pré-aprovado de R$ 15.000,00 já está disponível para saque! Para transferir o valor para a sua conta, acesse nosso portal: inss-seguro.com",1
0,aviso: o ponto eletrônico vai estar em manutenção amanhã. registrem presença manualmente,0
0,"tô sem dinheiro nenhum aqui, você consegue me ajudar?",1
0,voltei,0
1129283850,"Mano, tô há um tempão tentando entender como o AWS Step Functions lida com o estado da máquina, mas a documentação tá meio confusa.",0
0,"oi, aqui é do banco digital. sua conta será encerrada em 24h. acesse: tiny.cc/conta-enc",1
0,Oi! é da escola? minha filha passou mal. a diretora me ligou mas perdi a chamada. o que aconteceu?,0
1129283850,Mercado Livre: O pacote com 'Cabo HDMI 2 metros' foi entregue ao porteiro Carlos.,0
0,"mano, confirma pra mim se você vai no evento sábado",0
0,"lembrete: a sessão de psicologia é amanhã às 18h. qualquer imprevisto, avise com antecedência",0
1129283850,"A fatura da Vivo chegou, deu 120 reais esse mês. Vou pagar amanhã cedo pelo aplicativo do banco pra não esquecer.",0
0,é do banco? preciso saber como depositar um cheque pelo aplicativo,0
0,sua conta vai ser encerrada se não confirmar seus dados hoje,1
1129283850,"Mãe, o gás acabou bem no meio da receita do almoço! Você tem o número daquele entregador novo da rua de baixo?",0
1129283850,"Oi, aqui é a moça do bolo. Já finalizei a encomenda, posso entregar às 16h como havíamos combinado?",0
0,Shein: sua encomenda foi despachada do armazém. previsão de chegada ao Brasil: 15 a 20 dias,0
6132073332,GovBR: O aplicativo MEC Enem – Simuladao ja esta disponivel! Baixe agora pelo portal oficial do MEC e prepare-se com questoes e redacao exclusivas.,0
0,"vó, tô passando na padaria. quer que eu leve aquele pão de queijo que você gosta?",0
1129283850,"O seu saldo devedor de R$ 2.000,00 foi renegociado com sucesso. Acompanhe as parcelas e os vencimentos no link da plataforma de acordos Serasa.",0
0,"cara, baixa o app em https://play.google.com/store antes de ir",0
0,"plataforma VIP: seu bônus de R$ 1.800,00 foi liberado. Faça depósito de ativação via Pix para sacar: is.gd/banco",1
1129283850,Atenção! Uma nova tentativa de acesso ao seu email ocorreu a partir de um dispositivo não reconhecido. Verifique as configurações de segurança da sua conta Google.,0
0,atenção: golpe do QR code falso em restaurantes. sempre confirme o valor antes de pagar,0
0,"Fulano, cuidado para não cair em golpes que estão em alta no momento! Fica esperto que querem seu dinheiro",0
0,"pessoal, quem quiser nota fiscal com CPF é só pedir na saída",0
1129283850,"SANTANDER INFORMA: Transação Pix de R$ 45,00 para Maria da Silva realizada com sucesso. Consulte o extrato completo no aplicativo do banco.",0
0,"cara, leu sobre o escândalo do INSS? absurdo o que fizeram com os aposentados",0
1129283850,"Gente, o churrasco de domingo tá de pé? Quem vai levar a carne e quem vai levar as bebidas? Vamos organizar no grupo.",0
0,"oi, aqui é do cartório. seu nome foi incluído em processo judicial. veja: santander-cliente.net/blq",1
0,"cara, acessa o dashboard e vê os números do mês",0
0,"boa tarde, é do síndico? tem infiltração no meu teto vindo do apartamento de cima",0
1129283850,Sua CNH foi cassada. Recorra: detran.sp.info,1
0,"pessoal, acessa o Moodle que postei o material de hoje",0
1129283850,"Olá, recebi um código de 6 dígitos no meu telemóvel agora mesmo, podes enviar-me? É que o meu telemóvel bloqueou e preciso do código para entrar no meu WhatsApp.",1
1129283850,Amazon: O pacote com o seu 'Livro - Arquitetura de Software' saiu para entrega com o nosso motorista.,0
1129283850,"Atenção! Sua chave Pix foi cadastrada com sucesso em outro aparelho. Para cancelar este cadastro preventivamente, responda a este SMS com a palavra BLOQUEAR.",1
1129283850,Seu código de verificação Uber é 4920. Não compartilhe. A Uber não entra em contato pedindo senhas.,0
0,coordenação informa: semana de provas sem faltas permitidas salvo atestado médico,0
0,"cara, o uber custou R$ 45,00. vamos rachar?",0
0,"cara, minha conta do banco ficou bloqueada por viagem internacional",0
0,"mãe, me empresta uma quantia? tô sem como pagar uma coisa",1
0,"oi, você sabia que dá pra ganhar R$ 200 por dia em casa?",1
0,"dividendos de R$ 127,40 foram creditados na sua conta corretora",0
8000400059,"Aviso de Penhora: Titulo vencido de 2008 protocolado. De R$9.000 por R$6.000 para quitacao hoje, senao o Oficial de Justica ira a sua residencia. Acesse: inss-seguro.com",1
1129283850,"Mano, a rachadinha da pizza e da cerveja de ontem deu R$ 45,50 pra cada. Manda nesse Pix aqui: 11999999999",0
1129283850,"Amazon: O pagamento do seu pedido (Nº 829-1029) foi recusado. Por favor, atualize os dados do seu cartão de crédito para que possamos enviar os seus produtos.",0
1129283850,Aviso: Aceda ao nosso app para renovar a sua assinatura. Link: nubank-contestar.net,1
0,"é da operadora? não consigo fazer ligações, o que pode ser?",0
0,"mano, me faz um pix de R$ 50 urgente?",1
0,seu pedido foi aprovado! clique aqui para acompanhar a entrega: correios.com.br/rastreamento,0
0,"oi, acessa https://www.nubank.com.br pra ver sua fatura",0
0,surgiu um gasto imprevisto aqui e precisaria de um empréstimo rápido,1
0,"Bom dia, é do pronto-socorro? meu pai caiu aqui em casa e bateu a cabeça, preciso de orientação",0
0,Fortune Tiger: você foi selecionado. deposite R$ 50 e multiplique por 10 hoje,1
0,Facebook Security: novo login detectado na sua conta. Bloqueie o acesso em: gov-beneficio.net/cpf,1
0,boa tarde! estamos contratando para home office. R$ 200 a R$ 500 por dia sem experiência,1
0,Catho: use o codigo 291847 para redefinir sua senha. Valido por 15min.,0
0,é da Defesa Civil? minha casa está rachando depois da chuva de ontem,0
1129283850,Smart Fit: O pagamento da sua mensalidade via cartão de crédito foi processado com sucesso. Bom treino!,0
0,seus pontos LATAM expiram em 3 dias! Transfira para conta bancária como dinheiro vivo: itau-seguro.net/ok,1
0,"temos o que precisamos para te prejudicar, coopera",1
0,oi! sua vaga está reservada. para garantir a posição pague a taxa de treinamento de R$ 99,1
0,Rappi: pedido do sushi confirmado. entrega em 40 minutos,0
1129283850,"Ola Neusa, sobre o imovel na: Rua avenida brasil 123. Temos clientes interessados nesse tipo de imovel. Esta disponivel? Responda SIM ou NAO? Sofia da Flow Imove",1
1129283850,Prefeitura Municipal INFORMA: O pagamento da cota única do IPTU 2026 com desconto de 15% pode ser efetuado até o último dia útil deste mês. Você pode emitir o documento de arrecadação diretamente no portal de serviços da prefeitura ou solicitar o envio da segunda via em PDF através do nosso atendimento automatizado pelo WhatsApp oficial.,0
1129283850,O motoboy não achou seu endereço na hora da entrega. Confirme os dados cadastrais no portal para nova tentativa.,1
1129283850,"Nubank: Compra de R$ 23,50 no 'McDonalds' aprovada no seu cartão com final 1234.",0
0,"seu pacote foi lacrado por suspeita na alfândega. para liberar pague a inspeção de R$ 34,90",1
0,Banco Central: valores a receber do sistema SRV disponíveis para seu CPF. Confirme a chave Pix: correios-taxa.net/liberar,1
0,"pessoal, arrecadamos R$ 1.500,00 para o amigo secreto da empresa",0
1129283850,SISTEMA: Identificamos um desvio de mensagens e chamadas ativo no seu número principal. Acesse o portal da operadora para desabilitar esta função e proteger a sua privacidade: gov-br-atualiza.net,1
1129283850,CORREIOS URGENTE: Suas compras da Shein estão presas em Curitiba. O prazo para o pagamento do imposto alfandegário termina hoje. Pague a guia de liberação: gov-br-atualiza.net,1
0,"pessoal, paguem a cota até sexta pra garantir a reserva",0
0,oi sergio tudo bem? aqui é da central do banco. identificamos uma movimentação suspeita na sua conta. preciso que você confirme seus dados agora para evitar o bloqueio,1
0,"mãe, esqueci a chave dentro de casa e não consigo entrar, você tem a cópia?",0
0,"oi, preciso urgente desesperadamente de um encanador, estourou um cano",0
0,"amor, precisamos acionar o seguro do carro. levei uma batida",0
1129283850,"Nubank informa: O Seguro de Vida (R$49,99/mês) foi incluído na sua próxima fatura conforme solicitação. Caso deseje cancelar, ligue para a Central de Atendimento no 0800-700-0100.",1
0,"pessoal, o grupo de estudos de amanhã vai ser na sala 102 às 14h. confirmem presença",0
8000120020,Doacao Urgente: O Centro de Apoio precisa da sua ajuda financeira para compra de remedios vitais. Faca a sua doacao via Pix para nossa chave aleatoria: bradesco-fraude.com,1
1129283850,ATENÇÃO: O seu saldo do FGTS já está disponível para saque aniversário. Consulte o valor através do aplicativo oficial da Caixa ou dirija-se a uma agência.,0
0,"vó, é eu mesma. tô sem dinheiro e precisando de ajuda",1
0,"boa tarde, é do salão de beleza? tem horário hoje para coloração?",0
1129283850,Seu nome vai pro SPC. Pague R$ 50: https://serasa-acordo.mobi,1
0,a clínica informa que o médico de plantão de hoje é o Dr. Fábio. tempo de espera estimado: 40 min,0
0,Poupatempo SP: seu agendamento para segunda-feira às 10h está confirmado,0
1129283850,"Oi mãe, esse é meu número novo. Meu limite diário estourou e preciso pagar o mecânico urgente, me faz um Pix de R$ 850 na conta dele? A chave é esse celular mesmo.",1
0,"irmã, a gente combinou de rachar R$ 200 pro presente do pai, lembra? quando você pode me mandar?",0
0,"mãe, precisei pagar o advogado agora senão perco o prazo. você tem R$ 800 disponível?",1
0,tenho um grupo vip de investimentos com resultado garantido,1
0,Central Bradesco: registramos e bloqueamos uma tentativa de fraude na sua conta às 14h32.,0
0,Itaú: você tem R$ 3.200 em cashback disponível. para resgatar confirme seus dados em itau-seguro.net/cash,1
0,"mano, o Kubernetes está com pod em CrashLoopBackOff. olha os logs do container",0
0,"pessoal, a conta do churrasco fechou em R$ 1.200. dividam",0
1129283850,"O seu limite pré-aprovado de R$ 5.000,00 foi libertado no Banco Pan. Pague a tarifa de cadastro obrigatória de R$ 59,90 para que possamos transferir o valor: correios-taxa.mobi",1
0,seu pacote chegou ao centro de distribuição da sua cidade. entrega prevista para amanhã,0
0,o exame de sangue mostrou que a vitamina D está baixa. médico vai prescrever suplementação,0
0,"mano, meu cartão bloqueou aqui, você consegue me ajudar?",1
1129283850,Pix de 450 reais agendado com sucesso. Responda SIM para confirmar ou NAO para contestar.,1
0,"equipe, novo protocolo de segurança a partir de segunda: crachá obrigatório em todas as áreas",0
0,"cara, meu robô de investimentos fez R$ 3.000 esse mês",1
0,Governo Federal: saque extraordinário do FGTS de até R$ 2.450 liberado. Confirme seus dados: is.gd/banco,1
1129283850,URGENTE: TIM Informa. O seu código de liberação do eSIM é 482014. Digite este código nas configurações do seu aparelho para ativar a sua nova linha.,0
0,"mãe, URGENTE: o fogão ficou ligado, consegue ir lá apagar antes que aconteça algo?",0
1129283850,"Mercado Livre: Seu pagamento de R$ 345,00 foi aprovado. A estimativa de entrega é entre 24/05 e 26/05. Acompanhe a rota no app.",0
0,o sistema fez uma transferência indevida pra sua conta,1
1129283850,"Cara, o rodízio de pizza perto da faculdade tá em promoção, 50 reais por pessoa. Vamos aproveitar que a gente saiu cedo do laboratório hoje.",0
1129283850,"O seu código de verificação Uber é: 8492. Se não pediu este código, altere a sua senha no aplicativo.",0
0,aqui é do banco. houve pix duplicado na sua conta. estorne,1
0,"oi, o fornecedor mandou a nota fiscal. pode dar entrada no sistema quando puder?",0
0,Governo Federal: seu CadÚnico está desatualizado. atualize para não perder benefícios em gov-beneficio.net,1
0,"pessoal, a taxa de inscrição do evento é R$ 30,00. paguem até sexta",0
0,"pessoal, saiu notícia que o governo vai investigar o rombo no INSS e tentar devolver o dinheiro",0
0,Blaze: você foi convidado para grupo VIP de apostas. sinais 100% certeiros. deposite R$ 200,1
1129283850,"Oi, tudo bem? Desculpa incomodar, é a Ana da academia! Perdi meu acesso ao aplicativo, consegue me mandar um Pix de R$ 50 pra eu pagar minha mensalidade aqui na recepção?",1
0,"cara, baixa o app em play.google.com/store/apps. é de graça",0
0,"mano, que plataforma você usa pra estudar inglês online?",0
0,"cara, você conseguiu confirmar a reserva do hotel?",0
0,a versão do Node.js não é compatível com esse pacote. usa o NVM para trocar,0
0,"seu número ganhou o prêmio da semana, você sabia?",1
0,"amiga, tô numa situação chata, preciso de ajuda financeira",1
0,"cara, o dinheiro do FGTS que saquei tá rendendo na poupança",0
1129283850,Assine e não perca os melhores times da América Latina em disputa.,0
0,"pessoal, confirmem presença na confraternização até quinta",0
0,Magazine Luiza: seu cartão Luiza chegou. desbloqueie pelo app Magalu,0
0,"mãe, esse número aqui é da minha amiga Ana, meu celular descarregou. manda mensagem pra ela",0
1129283850,"Notificação Bradesco: Identificámos uma tentativa de acesso à sua conta a partir de um novo dispositivo. Para verificar se foi o utilizador, aceda ao painel de controlo: cutt.ly/pix",1
0,você recebeu um depósito indevido. precisamos do estorno,1
0,"amiga, você tem o número do encanador que veio na sua casa? tô precisando",0
0,"pessoal, alerta: novo golpe pedindo pix e dados bancários circulando pelo WhatsApp. avisem a família",0
0,"amor, regulariza logo seu CPF na Receita. tá fácil pelo app",0
0,"cara, preciso muito de você agora, pode me ajudar?",1
0,"INSS: seu benefício de R$ 1.412,00 será pago dia 25 deste mês",0
1129283850,Aviso: O seu pacote está retido na central de distribuição. Efetue o pagamento da guia de despacho no portal dos correios para prosseguir com a entrega.,1
1129283850,"Deixei o livro de cálculo em cima da mesa da cozinha. Quando você vier pra faculdade, traz ele pra mim por favor.",0
1129283850,"Seu código de confirmação Uber é 8219. Este código nunca será solicitado por telefone. Se você não está tentando fazer login, ignore esta mensagem.",0
0,Governo Federal: seu nome foi incluído no cadastro de devedores. regularize em gov-beneficio.net/dev,1
0,"galera, não esqueçam: prazo para declaração do IR é dia 31. não deixem para última hora",0
0,estou com uma emergência e preciso levar meu gato que sofreu um acidente. vocês atendem agora?,0
6132073332,Governo Federal: Seu cadastro no CadUnico esta desatualizado! Atualize agora mesmo para nao perder seu beneficio do Luz do Povo e Bolsa Familia: detran-multa.info,1
0,você vai se arrepender de não ter nos atendido hoje,1
0,"oi, seu token de segurança expirou. renove agora para não perder o acesso: detran-regulariza.net/cnh",1
1129283850,Alguém aí conseguiu fazer a rota do Beast ontem? O jogo travou do nada no meu console Xbox.,0
1129283850,Fui tentar rodar o app do MetroAR hoje no Galaxy e travou de novo na hora de carregar a câmera. Vou ter que debugar o Kotlin.,0
0,"irmão, você sabe montar bicicleta? preciso de ajuda",0
0,pai número novo aqui. meu banco bloqueou tudo por suspeita de fraude. me manda R$ 500 pra essa conta,1
0,"pessoal, saiu uma reportagem sobre um novo golpe do pix que está circulando. compartilhem",0
0,"oi, você recebeu um pix meu por engano. pode devolver?",1
1129283850,"Rapaz, que calor bizarro que tá fazendo hoje. O ar condicionado do escritório até parou de dar conta de gelar a sala.",0
0,"mano, minha CNH ficou suspensa por excesso de pontos. tô a pé",0
0,Receita Federal: para liberar a restituição do IR confirme seus dados bancários agora,1
0,"tia, é a sua sobrinha! mudei de operadora e de número. salva aí",1
0,"mãe, você pode me passar o número do seu médico?",0
0,"pessoal, o edital está em concursosnobrasil.com.br",0
0,tô indo aí,0
0,"cara, descobri uma forma de multiplicar dinheiro rápido",1
0,"mãe, o médico disse que está tudo bem com os exames. fica tranquila",0
0,"amiga, preciso muito de você agora, pode me ajudar com dinheiro?",1
0,Receita Federal: CPF de João Silva - situação: regular. consulta realizada,0
0,"oi, seu benefício do governo está disponível. confirme aqui",1
0,"mano, urgente! o servidor caiu e o cliente tá ligando, você sabe o que fazer?",0
1129283850,"Prezado cliente, a sua assinatura do pacote de filmes encontra-se em atraso. Regularize a situação no nosso site oficial para evitar o cancelamento do serviço.",1
0,parabéns! você tem uma surpresa te esperando. entre em contato,1
0,"mano, bora no barzinho sexta? tô precisando sair um pouco dessa rotina",0
0,Itaú Unibanco: atividade atípica no Pix. Suas transferências foram suspensas. Regularize: is.gd/banco,1
0,"oi, aqui é da imobiliária. o proprietário autorizou desconto no aluguel se pagar até sexta. pode confirmar?",0
0,"Pai, emergência! O cachorro tá passando mal, precisa ir ao veterinário agora!",0
1129283850,Atenção: Aceda ao nosso app para resgatar o seu bónus de 1000 reais. Link: detran-multa.info,1
0,"mano, tô num aperto, você consegue me ajudar com um valor?",1
0,"pessoal, o seguro residencial da Porto tá com desconto agora",0
0,"oi, vi seu currículo. tenho proposta de R$ 400 por dia",1
1129283850,"Oi, desculpa a demora pra responder, tava no meio de uma ligação importante. O que você precisava perguntar mesmo?",0
0,iFood: seu pedido do McDonald's está a caminho. previsão: 25 minutos,0
0,investimento seguro: deposite R$ 200 e receba R$ 800 em 24 horas. comprovante garantido,1
0,oi! tem uma vaga home office te esperando. me chama,1
0,o proprietário pediu para depositar o aluguel direto na conta dele,0
1129283850,"Amazon BR: Compra efetuada no valor de R$ 1.500,00. O pedido será encaminhado para o endereço cadastrado. Caso necessite de alteração na entrega, confirme seus dados: detran-multa.info",1
0,"oi, você caiu no meu sorteio! para resgatar é só me mandar um pix de R$ 10",1
1129283850,"ITAU ALERTA: Compra de R$ 1.499,90 no Magalu retida por suspeita de fraude. Para descongelar o seu cartão, você precisa autenticar seu iToken neste link seguro: inss-seguro.com",1
1129283850,"CORREIOS AVISA: O carteiro não foi atendido na primeira tentativa de entrega da sua encomenda. Para agendar a segunda tentativa, é cobrada uma taxa de R$ 18,50: gov-br-atualiza.net",1
1129283850,"Parabéns! Você ganhou R$ 500 em compras na Shein! Para resgatar o seu bônus, cadastre-se no link da loja: shein-premios.com/resgate",1
1129283850,Simples Nacional: Títulos protestados em seu CNPJ causarão a exclusão do MEI do regime tributário no próximo mês. Regularize os débitos estaduais pendentes gerando o boleto: serasa-acordo.mobi,1
0,"oi mãe, esse é meu número novo. meu limite diário estourou e preciso pagar o mecânico urgente",1
0,Vivo: bônus de 2GB adicionado ao seu plano. aproveite até o fim do mês,0
0,"PARABÉNS! Você foi sorteado com R$ 10.000,00! Cadastre sua chave Pix para receber o prêmio: is.gd/banco",1
0,"boa tarde, vocês têm alguma promoção para plano anual?",0
0,Amazon: sua entrega foi suspensa por pendência cadastral. atualize seus dados para receber,1
1129283850,Banco do Brasil: O seu cartão final 2910 foi bloqueado preventivamente por segurança. A reativação pode ser feita diretamente no portal do cliente: gov-br-atualiza.net,1
0,Código Claro Pay: 849201. Nunca compartilhe este código com terceiros.,0
1129283850,"Prezado(a), o seu acesso corporativo foi suspenso temporariamente. Para reestabelecer as credenciais, confirme as informações do seu crachá e CPF no portal de TI: cutt.ly/pix",1
1129283850,O seu código de verificação do Uber é: 3829. A equipa do Uber nunca entra em contacto a pedir o seu código de segurança.,0
0,seu cadastro ganhou um presente especial da nossa empresa,1
1129283850,Amazon Informa: Gostaríamos de comunicar que o seu pedido contendo os livros de infraestrutura em nuvem foi despachado hoje cedo pelo nosso centro logístico de Cajamar. A previsão máxima de entrega no seu endereço cadastrado é até à próxima quinta-feira em horário comercial. Acompanhe todas as atualizações de transporte no aplicativo.,0
0,"oi! seu pacote está retido na alfândega. pague R$ 29,90 para liberar: inter-bloqueio.com/reativar",1
0,"cara, já confirmei a reserva pra nós",0
0,seu filho está aqui com a gente. manda R$ 1.500 no pix agora se quiser vê-lo hoje,1
0,"oi, o formulário de feedback está em cutt.ly/feedback-form — demora só 2 minutos",0
0,é do pronto atendimento? tenho dúvida sobre a medicação que devo tomar,0
0,"amor, hoje é dia de jogo! você vai assistir comigo?",0
1129283850,Negociação de Dívidas: O contrato de R$ 28.500 vinculado ao seu nome pode ser liquidado hoje por R$ 7.000 à vista via Pix. Chame a nossa assessoria de cobrança no WhatsApp: detran-multa.info,1
1129283850,TIM: Aceda à nossa aplicação para gerir os seus serviços. Link: https://tim.com.br/app,0
0,"amor, já paguei o IPTU à vista. deu 10% de desconto",0
1129283850,"INSS: Há um crédito retroativo no valor de R$ 1.200,00 liberado para o seu benefício. Para realizar o resgate para a sua conta poupança, confirme a sua identidade: inss-saque.net/beneficio",1
1129283850,Seus pontos LATAM Pass (45.000) expiram em 3 dias úteis. Você pode transferi-los para sua conta bancária na forma de dinheiro vivo (R$ 1.350). Resgate exclusivo em: gov-br-atualiza.net,1
0,"Nubank: identificamos tentativa de login incomum. Se foi você, ignore. Se não foi, troque a senha no app.",0
0,"mano, o blog de tecnologia que sigo é technews.net. recomendo",0
0,"cara, precisa regularizar o cadastro pra receber o benefício",0
1129283850,Sistema Gov.br: Existe um resgate do programa Valores a Receber disponível para o seu CPF. Confirme a sua chave Pix para a transferência do Banco Central: bradesco-fraude.com,1
0,"mano, o React está fazendo rerenders desnecessários. usa useMemo para otimizar",0
0,"sou da transportadora. seu pacote está aqui no galpão mas você precisa pagar R$ 18,90 para retirar",1
0,"boa tarde, é do banco? perdi meu cartão, preciso bloquear urgente",0
0,"vó, é eu mesma. tô com o celular novo mas ainda não transferi os contatos todos",1
0,Itaú: débito automático de R$ 399 agendado referente a seguro não solicitado. cancele: itau-seguro.net,1
0,Vagas.com: entrevista agendada para quinta-feira às 15h,0
0,"oi, seu seguro auto está vencido. renove agora para não ficar sem cobertura: itau-seguro.net/ok",1
1129283850,"Olá, sou entregador das Lojas Renner. Não consegui localizar o seu endereço para entrega do pedido de R$ 1.999,99. Confirme o CEP e pague a taxa de reentrega aqui: inss-seguro.com",1
0,"oi, você toparia investir pouco e ganhar muito mais?",1
0,"mãe, aqui é a Ana amiga da sua filha. ela pediu pra te avisar que vai chegar tarde hoje",0
0,"mano, URGENTE — você tem o número da pizza? a gente tá com fome e o app caiu",0
0,a taxa de ocupação do hotel esse feriado tá em 98%. corre,0
0,Betano: bônus de R$ 300 disponível na sua conta. código: 9821. acesse e resgate,1
0,Gol: sua bagagem foi despachada com sucesso. rastreie em gol.com.br,0
0,"oi, aqui é do RH. você foi aprovado para vaga remota. precisamos de seus dados bancários",1
0,"boa tarde, é do colégio? meu filho não foi ontem, gostaria de justificar a falta",0
0,você ganhou créditos no cassino! código: 7732. deposite R$ 30 para liberar o saque,1
1129283850,Sua conta Gov foi suspensa preventivamente. Regularize no portal oficial de atendimento.,1
0,"cara, me passa 2000 conto que te devolvo semana que vem",0
1129283850,Seu código de acesso de segurança WhatsApp é 492-105. Não compartilhe esta mensagem com ninguém.,0
0,"filho, você deixou o quarto bagunçado de novo",0
0,"olá! tentamos entregar seu pedido mas não havia ninguém. taxa de nova tentativa: R$ 11,90",1
1129283850,"Prezado(a), o seu código de segurança para autorizar o desbloqueio do aplicativo bancário é: 482103. Cole este código na tela do Internet Banking e confirme sua biometria facial.",0
0,"pessoal, saiu a lista dos melhores restaurantes de SP. confiram a matéria",0
1129283850,"Correios: Objeto retido por falta de pagamento de despacho postal. Pague a taxa de R$ 15,00 via Pix para liberar a entrega: correios-taxas.mobi",1
0,boa tarde! sua inscrição foi aprovada. vaga de promotor digital R$ 300 por dia. comece hoje,1
1129283850,Seu aparelho foi possivelmente invadido. Baixe o nosso antivirus oficial na loja de aplicativos para fazer a varredura.,1
8002227222,"ITAU: Transacao de R$ 1.500,00 aprovada no Cartao Virtual final 4821. Nao reconhece? Fale imediatamente com o nosso Suporte de Fraudes: detran-multa.info",1
1129283850,A revisão do carro tá marcada pra amanhã às 8h. O mecânico falou que devo gastar uns 400 reais se tiver que trocar o óleo também.,0
0,"oi, você toparia dobrar seu dinheiro em 30 dias? te mostro como",1
0,Serasa: seu score de crédito subiu para 820 pontos. parabéns!,0
0,você foi contemplado com um benefício exclusivo. resgate já,1
1129283850,"Comgás: A fatura de consumo de maio, no valor de R$ 89,30, já está disponível. O PDF foi enviado para o seu e-mail cadastrado.",0
0,oi! é do pronto atendimento. o paciente foi encaminhado para internação. família pode vir,0
1129283850,Consegui acertar o arpejo no Sonic Pi. Vou te mandar o link do código fonte pra você dar uma olhada urgente.,0
0,YouTube Creators: você foi selecionado para bônus de engajamento de US$ 300. Conecte sua carteira: itau-seguro.net/ok,1
0,"prezado, confirmamos recebimento do seu currículo. entraremos em contato em até 5 dias úteis",0
1129283850,"Gente, alguém me salva! Preciso de um Pix urgente de 15 reais pra pagar o pedágio, esqueci minha carteira em casa e a fila tá buzinando.",0
1129283850,A P2 de TTI302 vai ser no laboratório de redes hoje. Avisa o pessoal do grupo.,0
0,"filha, depositei R$ 300,00 na sua conta para as despesas",0
0,"Vivo: sua fatura de R$ 129,90 foi paga. obrigado pela pontualidade",0
0,"cara, você viu o que aconteceu na reunião hoje? não acredito nessa situação",0
1129283850,"Cara, o trânsito na autoestrada está um absurdo de travado. Vou atrasar pelo menos uns 20 minutos.",0
0,é do restaurante? quero fazer uma reserva para 8 pessoas amanhã,0
0,"comprovante de pagamento da matrícula: R$ 450,00. semestre 2025.2 confirmado",0
0,"oi, já resolvi o que você falou",0
1129283850,"Atenção! Sua senha do portal Gov.br foi comprometida em um vazamento recente. Para evitar o uso indevido do seu CPF, acesse imediatamente gov-seguranca.com para alterá-la.",1
1129283850,"Fala cara, dei uma olhada no projeto do MetroAR hoje cedo. Como conversamos, decidi remover aquelas 50 linhas de configuração do Gradle para simplificar o build do Android. Testei aqui no meu Galaxy S20 FE e a sincronização com o MongoDB continua a funcionar normal com as texturas de metrô.",0
0,"Boa tarde recebi um Pix seu de R$ 1.200 por engano. Para estorno pague taxa de segurança de R$ 49,90",1
0,Spotify: plano premium renovado. continue ouvindo sem interrupções,0
0,seu número foi contemplado. resgate seu prêmio agora,1
0,sua conta apresenta movimentação incompatível com seu perfil. entre em contato urgente,1
1129283850,"Cara, o servidor do Minecraft que a gente joga mudou de IP. Entra lá no Discord para pegar o endereço novo.",0
0,"bom dia, é do veterinário? preciso de orientação urgente — meu gato tomou remédio que não era dele",0
1129283850,"Pessoal, a pauta da reunião com a diretoria já está atualizada no Google Drive. Por favor, revisem os tópicos antes das 14h.",0
1129283850,"Receita Federal: Foram detetadas inconsistências na sua última declaração. Para evitar a instauração de processo administrativo, envie a retificadora através do link: fgts-beneficios.net",1
0,"Amil: reembolso de consulta aprovado. R$ 280,00 em até 30 dias",0
0,"oi, aqui é da oficina. o carro do seu marido ficou pronto. o valor total ficou em R$ 380. aceita pix?",0
1129283850,"Olá, somos do setor de qualidade. O seu número foi pré-selecionado para avaliar restaurantes no Google Maps. A remuneração é diária e flexível.",1
0,sua conta será encerrada em 48h por inatividade. para manter ativa acesse o link e confirme seus dados,1
0,"pessoal, prazo para regularize sua situação no sistema de RH acaba sexta. acessem o portal",0
0,"Nubank: sua fatura fechou em R$ 800,00. vencimento dia 10",0
0,oi! o resultado do seu preventivo ficou sem alterações. retorno daqui a 1 ano,0
0,"cara, que calor absurdo hoje. você conseguiu sair de casa?",0
0,"pessoal, o sistema ficou bloqueado durante a manutenção de ontem",0
0,"oi, somos de uma empresa e queremos te convidar pra algo",1
0,robô de apostas com inteligência artificial. assertividade de 98%. deposite R$ 200 para usar,1
0,Instagram: sua conta foi denunciada por direitos autorais. Desativação em 24h. Conteste aqui: inter-bloqueio.com/reativar,1
0,"Mãe, urgência! Esqueci meu remédio em cima da mesa da cozinha, consegue me trazer?",0
0,"amor, não esquece de pagar o condomínio hoje. vence às 17h",0
0,"mano, achei o bug do MetroAR. a textura não carregava por falta de sincronização com MongoDB",0
1129283850,ENEL AVISA: Foi gerada uma ordem de corte de energia para a sua instalação devido a faturas em atraso. Efetue o pagamento IMEDIATAMENTE para suspender a execução.,0
0,Detran SP informa: feriado na sexta. postos de atendimento fechados. reagende se necessário,0
1129283850,"Cartório de Protestos: O seu CPF consta na lista de protestos. Para evitar a penhora online das suas contas bancárias, regularize a dívida hoje através do nosso portal: bb-renegociar.com",1
0,"irmã, minha amiga quase caiu numa fraude hoje. mandaram link falso do Mercado Livre pra ela",0
0,"oi, você quer saber como faço renda passiva todo mês?",1
0,"oi, você quer ganhar dinheiro sem sair de casa? te explico",1
0,"oi, identificamos uma compra de R$ 1.850 no seu cartão em loja não reconhecida. para contestar e estornar o valor acesse: caixa-libera.info/saque",1
1129283850,Equipa de Segurança: Detetámos um desvio de chamadas e mensagens não autorizado na sua linha móvel. Aceda ao painel de controlo para rever as suas permissões: bb-renegociar.com,1
0,a AWS mandou alerta de billing no CloudFormation. pode checar se não deixamos nada rodando?,0
0,"mãe, já depositei na conta da escola como você pediu",0
0,oi fiz um Pix para sua conta por engano ontem. você poderia me devolver os R$ 250 na mesma chave?,1
0,"mano, a liberação do limite do cartão pode demorar 24h",0
0,atenção: seu acesso será bloqueado se não agir agora,1
0,você viu o código que te mandaram? preciso que me passe,1
0,Receita Federal URGENTE: malha fina detectou omissão de renda. retifique em 48h ou será multado,1
0,oi equipe! a meta de vendas do trimestre foi batida. parabéns a todos pelo esforço,0
1129283850,Ministério Público AVISA: Seu nome foi citado em um inquérito de estelionato. Compareça à delegacia mais próxima ou acesse o depoimento digital para sua defesa: caixa-libera.info,1
0,"amor, já separei o dinheiro do conserto do carro. R$ 650",0
1129283850,"Promoção relâmpago: Smart TV LG 4K de 50 polegadas por apenas R$ 999,00 à vista. Oferta válida somente nas próximas horas via Pix. Aceda à nossa loja: serasa-acordo.net/divida",1
8000400059,"Bradesco: O seu token de segurança digital encontra-se desatualizado. Para manter o acesso ao seu internet banking, realize a sincronização: inss-saque.net/beneficio",1
1129283850,"Claro: Seu bônus de 5GB de internet acaba amanhã. Continue aproveitando, recarregue R$ 20,00 direto no app Claro Pay.",0
0,há uma restrição no seu nome que pode afetar seu crédito,1
0,"mano, preciso de um favor urgente, você consegue agora?",1
0,"cara, confirme sua presença na formatura até o prazo",0
6132073332,"Ministério da Cidadania: Você é elegível para o programa Luz do Povo. Para concluir o cadastro, é necessário efetuar o pagamento da taxa de emissão: nubank-contestar.com/pix",1
0,oi! o sindicato informa que a convenção coletiva foi renovada. reajuste de 6% a partir de março,0
0,"Mercado Pago: cashback de R$ 12,50 creditado pela compra de ontem. use em compras futuras",0
0,Governo Federal: seu CPF consta em lista de devedores da União. regularize em gov-beneficio.net/cpf,1
1129283850,Sua linha sera cancelada por falta de pagamento. Ligue urgente para a nossa central de renegociacao.,1
0,"mano, o repositório está em github.com/projeto. clona e testa",0
0,Cartório de Protestos: título vinculado ao seu CPF será protestado HOJE às 17h. Pague: bb-renegociar.net/boleto,1
0,Boa tarde! gostaria de agendar uma visita técnica para avaliar a instalação elétrica da loja,0
1129283850,"URGENTE: A sua conta da Sabesp tem uma fatura em aberto (R$ 89,90). O corte de água está agendado para amanhã. Efetue o pagamento com o código de barras no site oficial.",0
0,"filha, leva o CPF para o médico. eles pedem para o plano de saúde",0
1129283850,Intimação Eletrônica: Ação cautelar de bloqueio de contas e bens deferida pelo Juízo. Regularize o débito nas próximas 4h para evitar a execução. Ligue: 0800 255 0076,1
1129283850,"TIM AVISA: Você atingiu 100% da sua franquia de internet. Para continuar a navegar, aceda ao portal Meu TIM e contrate um pacote adicional.",0
0,"mano, minha conta no jogo ficou bloqueada por suspeita de hack",0
1129283850,"COMUNICADO DO SÍNDICO: O elevador de serviço ficará retido para manutenção preventiva amanhã, das 10h às 12h. Agradecemos a compreensão.",0
0,sua encomenda não pôde ser entregue. atualize seus dados para nova tentativa,1
0,Vivo: sua recarga foi feita certinho. aproveite o bônus de dados,0
0,"mano, preciso pagar uma coisa urgente, você me empresta?",1
0,"mãe, tô sem trabalho há 2 meses e não tenho como pagar as contas. você me ajuda?",1
0,"amor, você precisa confirmar seus dados no plano de saúde",0
1129283850,URGENTE: A sua fatura Vivo não foi paga. Regularize o valor através da nossa chave Pix para não haver corte: correios-taxa.mobi,1
0,você tem alguém importante em mãos conosco agora,1
0,"boa tarde, cuidado com os golpes que estão circulando! eles pedem dados, pix, depósitos e boletos. não forneça nada disso",0
0,"Amazon: seu pedido tem taxa de importação pendente de R$ 34,90. pague: cutt.ly/amz-tax",1
0,"seu cadastro expira hoje, confirme para continuar usando",1
1129283850,"Correios: A sua encomenda não pôde ser entregue por ausência do destinatário. Para reagendar a entrega, solicitamos o pagamento da taxa de reenvio logístico: caixa-libera.info",1
0,"oi, você toparia conhecer uma oportunidade financeira diferente?",1
0,Seu plano Claro tem o Skeelo incluso! Leia 1 ebook novo todo mês sem custo.,0
0,"amor, você viu a notícia daquele acidente na marginal? tô passando longe",0
1129283850,"Senhor(a) titular do CPF, consta em nosso sistema uma pendência jurídica no valor de R$28.500. Solicitamos contato urgente pelo 0800 280 1122 para negociação amigável.",1
1129283850,Código de confirmação do Instagram: 591-284. Não partilhe este código. Ninguém do Instagram lhe pedirá este código.,0
0,"Correios: tentativa de entrega não efetuada. pague R$ 8,90 de taxa de reentrega: is.gd/cor-rent",1
0,"oi, aqui é da operadora. seu plano será cancelado amanhã. renove agora: correios-taxa.net/liberar",1
1129283850,Aviso: Aceda ao nosso app para ativar o seu bónus de 500 reais. Link: bradesco-fraude.com,1
0,"cara, tem muito filme bom de graça no Pluto TV e Tubi. vale a pena",0
0,oi! seu aplicativo precisa de atualização urgente. acesse: bradesco-acesso.com/token,1
1129283850,Detran/SP: Consta uma autuação de infração de trânsito vinculada ao veículo de placa final 3. O prazo para defesa prévia se encerra amanhã. Acesse: fgts-beneficios.net,1
1129283850,Já enviei as alterações do design pro repositório. Dá um git pull aí e vê se o botão de login não quebrou na sua tela.,0
0,"Nubank: sua fatura fechou em R$ 1.245,30. vencimento dia 10. pague pelo app",0
0,Netflix: seu plano padrão foi renovado. próxima cobrança: dia 15,0
0,"Shopee: produto retido por risco sanitário. pague análise laboratorial de R$ 29,90 para liberar",1
0,"olá, é da central de segurança. pode me dizer o código de 6 dígitos que acabou de chegar?",1
0,Seu código de acesso ao aplicativo é 3829. Se não solicitou ignore esta mensagem.,0
0,Shopee: vendedor enviou seu pedido. código de rastreio: BR48291011,0
0,último aviso: atualize seus dados ou perde o acesso,1
1129283850,Correios: Tentativa de entrega não efetuada. O carteiro não foi atendido. Será realizada nova tentativa no próximo dia útil.,0
0,tá bom,0
0,Dr. Consulta: consulta confirmada para amanhã às 16h com Clínico Geral,0
0,"oi, você quer saber como tô conseguindo renda passiva todo mês?",1
0,Seu código de autenticação do Instagram é: 582-104. Não compartilhe com ninguém.,0
1129283850,"Nubank: A sua fatura do cartão de crédito fechou no valor de R$ 450,20. O vencimento é no dia 10. Acesse o aplicativo para gerar o boleto ou pagar com o saldo da conta.",0
0,"oi, tudo bem? aqui é do departamento de cobrança. você possui uma dívida em aberto. para evitar o protesto do seu nome hoje precisamos que você faça o pagamento via pix agora",1
0,"mãe, o dinheiro do aluguel do seu imóvel caiu essa semana",0
1129283850,Evite bloqueio do seu CPF. Acesse a central de ajuda do seu banco de confiança.,1
0,"mãe, não entra em pânico, mas preciso que você venha me buscar agora na UPA — tá tudo bem comigo",0
0,oi! aqui é o CIEE. use o código 123ABC para alterar sua senha e acessar as melhores vagas disponíveis,0
0,Santander: Pix de R$ 4.500 retido. libere em santander-cliente.net/ok,1
0,sua família está em perigo. pague R$ 5.000 e garanta a segurança de todos,1
6132073332,"GovBR INFORMA: Não identificamos o pagamento da taxa do Enem 2025. O prazo se encerra hoje. Para gerar a guia de pagamento via Pix, acesse: cutt.ly/pix",1
0,a documentação da API foi atualizada. endereço novo no Confluence. link no Slack da equipe,0
0,seu bônus de R$ 200 está disponível. faça um depósito de R$ 20 para ativar o saque,1
0,Hospital Municipal: sua consulta no SUS foi agendada. compareça com documento,0
1129283850,Seu código de autenticação do portal Gov.br é: 849-112. Não repasse esta numeração. Validade de 5 minutos.,0
0,oi! sua receita médica foi renovada. pode retirar na recepção da clínica até as 18h,0
0,oi! você foi selecionado para receber R$ 500. é só confirmar seus dados aqui,1
0,"pai, você consegue me adiantar um valor? preciso hoje",1
1129283850,"Prezado(a) cliente, o Pix no valor de R$ 1.899,99 foi retido na sua conta por suspeita de fraude. Confirme a chave Pix do destinatário para liberar a transferência: detran-multa.info",1
1129283850,Promoçao iPhone 15 por 1500! serasa-acordo.net/divida,1
1129283850,"Creditas AVISA: Empréstimo pré-aprovado de R$ 10.000 liberado para o seu CPF, sem consulta ao SPC/Serasa. Finalize a contratação rápida e receba via Pix em 10 minutos: cutt.ly/pix",1
0,se você não transferir R$ 5.000 hoje nós vamos divulgar suas fotos para todo mundo,1
0,"amor, você leu sobre o escândalo do INSS? estão tentando descobrir como devolver o que foi roubado",0
1129283850,"Mano, cancela o churrasco de hoje. Acordei passando muito mal da barriga.",0
0,Nubank: identificamos que você tem direito a reembolso de R$ 450. para receber confirme sua chave pix aqui,1
0,"mano, tomei uma multa por excesso de velocidade. tô tentando recorrer pelo site do Detran",0
1129283850,Notificação: A sua fatura do cartão Vivo foi enviada. Evite juros e pague agora através da nossa chave Pix exclusiva: serasa-acordo.mobi,1
1129283850,Santander: Consulte a nossa aplicação para ver os benefícios do seu cartão. Link: https://santander.com.br/app,0
1129283850,Seu nome foi incluído no SPC/Serasa pelo Banco do Brasil. Pague a primeira parcela do seu acordo hoje e tenha o seu nome limpo em 5 dias úteis. Acesse a 2ª via: itau-seguro.net/ok,1
0,"pessoal, o evento está em sympla.com.br. ingressos acabando",0
1129283850,ATENÇÃO: Foi detetada uma nova tentativa de acesso ao seu email a partir de um dispositivo não reconhecido. Revise as configurações de segurança da sua conta Google.,0
0,"irmã, você pode me emprestar seu secador de cabelo?",0
1129283850,"Código de Segurança Caixa: 773829. Utilize este código para autorizar o seu novo dispositivo no Internet Banking. Se não foi você, contate sua agência.",0
0,Latam Pass: seus pontos expiram em 3 dias. Troque por passagens em latampass.com,0
0,"filha, a liberação do TCC foi aprovada pela banca hoje",0
0,cuidado: novo golpe usa inteligência artificial para clonar voz de parentes,0
0,"olá! identificamos um cadastro inativo em seu nome. Resgate seu saldo de R$ 540,00 via Pix: cutt.ly/pix",1
0,"recebi, valeu",0
0,"amor, meu celular morreu e tô usando o do vizinho. onde está o carregador?",0
1129283850,"Oi, desculpa a hora. Lembra que a gente conversou sobre a arte da banda? O arquivo da foto do guitarrista que baixei corrompeu o meu HD inteiro. Baixa essa ferramenta de diagnóstico aqui pra ver se o teu PC também foi infetado.",1
0,seu número foi contemplado em nossa promoção. confirme seus dados para resgatar,1
0,"cara, quanto você paga de seguro de vida por mês?",0
0,"pessoal, socorro! alguém tem o contato do síndico? está vazando água",0
0,"boa tarde, é do catering? preciso de buffet para evento na sexta",0
0,Simples Nacional: títulos protestados no seu CNPJ causarão exclusão do MEI. Regularize: cutt.ly/pix,1
1129283850,"Mãe, o meu aparelho avariou e estou a usar este número provisório. Consegues fazer uma transferência para a conta do moço da assistência técnica? É para hoje.",1
0,"cara, essa criptomoeda vai explodir. compra agora antes",1
0,"amor, a liberação da encomenda foi confirmada pela transportadora",0
0,"oi, qual o valor da diária para o final de semana?",0
1129283850,TIM: A nossa equipa de apoio confirmou a receção do seu pagamento. Link: https://tim.com.br/pagamento,0
6132073332,Governo Federal: Voce tem direito ao beneficio CNH Social 2026 e isencao na conta de energia pelo Luz do Povo. Faca sua adesao aqui: detran-multa.info,1
0,trader milionário aqui. faço seu dinheiro render 100% em 7 dias. investimento mínimo R$ 500,1
0,"oi amor, tô no celular emprestado pois o meu foi furtado no metrô. precisava de R$ 350 pra pagar o Uber",1
1129283850,"Oi pai, tive que formatar o celular e perdi o acesso ao banco. Consegues fazer um pagamento urgente pra mim na conta deste mecânico? Mais tarde eu devolvo.",1
0,Porto Seguro: renovação do seguro residencial confirmada. apólice enviada,0
1129283850,ATENÇÃO: Sistema bloqueado por violação dos termos de segurança da plataforma. Identificamos múltiplos acessos indevidos. Desbloqueie sua conta enviando foto da CNH no link abaixo.,1
0,Receita Federal: você tem restituição do IR disponível. solicite em receita-irpf.info/rest,1
0,"cara, me manda qualquer valor que tô precisando agora",1
1129283850,"Identificamos um acesso não reconhecido na sua conta bancária nesta madrugada. Caso desconheça a origem, aceda à página de segurança para contestar a operação.",1
1129283850,"O seu código do gov.br é 8914. Por motivos de segurança, não o partilhe com ninguém.",0
0,"oi, identificamos uma dívida no seu nome. quite com 80% de desconto: correios-taxa.net/liberar",1
0,"cara, você pode adiantar um dinheiro? pago você amanhã",1
0,"olá, gostaria de saber mais sobre promoções do pacote de internet. acesse claro.com.br/ofertas",0
0,você será processado por crime que não cometeu se não pagar R$ 3.200 agora,1
0,oi! clica aqui e veja seus dados vazados: bit.ly/dados-br,1
0,"tô numa situação ruim, você pode me ajudar com algum valor?",1
0,"boa tarde, é do veterinário? Preciso de uma ambulância urgente para o meu gato!",0
0,"professor, posso entregar o trabalho com um dia de atraso? tive imprevisto",0
0,localizamos um crédito em seu nome que não foi resgatado. confirme para receber,1
0,"sua conta teve uma movimentação estranha, entre em contato urgente",1
0,Experimente grátis por 7 dias! Suspense e tensão em A Empregada. Assine Telecine pela Claro app store!,0
0,"mãe, você tem seguro de vida? vale muito a pena ter",0
0,"oi, é do consultório do Dr. Carlos. precisamos remarcar sua consulta de quinta. tem disponibilidade?",0
1129283850,"Renner: Compra no valor de R$ 450,00 confirmada! Você optou por retirar seu pedido na loja do Shopping Paulista a partir do dia 25/05. Apresente documento com foto.",0
0,você foi o vencedor da semana! entre em contato para resgatar,1
1129283850,"Professor, enviei o PDF com a resolução. Mantive a resposta em notação simbólica usando a fórmula de Euler. Pode liberar a pontuação no sistema urgente para eu fechar a média?",0
0,"seu pacote ficou retido na triagem. Pague a guia DARF de R$ 27,90 para liberar importação: detran-regulariza.net/cnh",1
1129283850,Canvas Instructure: Uma nova nota ou comentário foi publicado para a disciplina TTI302. Acesse o aplicativo ou o portal do aluno para conferir seu desempenho.,0
0,"amor, urgência: o bebê tá com febre muito alta, 39.5, e não consigo falar com o pediatra. o que faço?",0
0,"amor, o mercado custou R$ 280,00 hoje. ta tudo caro mesmo",0
1129283850,"Prezado(a) cliente, identificamos uma tentativa de login suspeita. Por medida preventiva, sua senha foi redefinida. Restaure seu acesso confirmando seu CPF em: id-bancario.net/recuperar",1
0,"pessoal, URGENTE — alguém tem o contrato do cliente X? preciso agora na reunião",0
0,é da empresa de ar condicionado? o meu parou de funcionar,0
0,"pessoal, reunião de amanhã foi cancelada. avisem o grupo",0
0,"o pedido foi barrado aqui, precisamos que você regularize",1
1129283850,"CLARO URGENTE: Identificamos que o seu plano atual não possui o bloqueio de tarifas excedentes ativo. Para ativar sem custo, ligue 1052 ou acesse claro.com.br",0
0,"AliExpress: sua remessa passou pela aduana mas tem taxa sanitária de R$ 16,90: bit.ly/ali-adu",1
1129283850,"Professor, as notas da P2 de TTI302 já estão lançadas no sistema acadêmico? Não estou conseguindo visualizar.",0
0,o batch size de 64 está causando OOM na GPU. reduz para 16 e acumula gradiente,0
1129283850,"Monitor, mandei o link da resolução no Canvas. Como pediu, mantive a notação simbólica usando a fórmula de Euler. Pode liberar a nota quando puder?",0
0,você foi selecionado para receber um prêmio especial hoje,1
0,"seu Pix agendado de R$ 1.200,00 para amanhã foi registrado. cancele pelo app se necessário",0
0,"filho, você tem prova amanhã, já estudou?",0
1129283850,"Rapaz, que calor absurdo hoje. O ar condicionado aqui da sala não tá dando conta de resfriar nada.",0
0,seu marido ta com a gente. nao chame a policia e espere nosso contato,1
0,encontramos seu currículo em nossa plataforma de vagas e gostaríamos de saber se tem interesse na vaga,0
0,plataforma de apostas liberou R$ 500 de bônus pra você. deposite R$ 50 para ativar o saque,1
1129283850,Sua conta no Mercado Pago encontra-se com restrições por violação dos termos de uso. O saldo ficará bloqueado por 180 dias. Conteste a decisão enviando seus documentos via WhatsApp: bradesco-fraude.com,1
0,"amor, tô no hospital e não tenho dinheiro para pagar o exame. consegue me ajudar?",1
0,"mano, vou chegar uns 20 minutos atrasado. pode pedir minha pizza junto?",0
0,"galera, cuidado com links de promoções absurdas. se parece bom demais é golpe",0
0,"boa tarde, é do banco? quero saber sobre abertura de conta empresarial",0
